image_path,label
very_lame\0.jpg,very_lame
very_lame\1.jpg,very_lame
very_lame\2.jpg,very_lame
very_lame\3.jpg,very_lame
very_lame\4.jpg,very_lame
very_lame\5.jpg,very_lame
very_lame\6.jpg,very_lame
very_lame\7.jpg,very_lame
very_lame\8.jpg,very_lame
very_lame\9.jpg,very_lame
very_lame\10.jpg,very_lame
very_lame\11.jpg,very_lame
very_lame\12.jpg,very_lame
very_lame\13.jpg,very_lame
very_lame\14.jpg,very_lame
very_lame\15.jpg,very_lame
very_lame\16.jpg,very_lame
very_lame\17.jpg,very_lame
very_lame\18.jpg,very_lame
very_lame\19.jpg,very_lame
very_lame\20.jpg,very_lame
very_lame\21.jpg,very_lame
very_lame\22.jpg,very_lame
very_lame\23.jpg,very_lame
very_lame\24.jpg,very_lame
very_lame\25.jpg,very_lame
very_lame\26.jpg,very_lame
very_lame\27.jpg,very_lame
very_lame\28.jpg,very_lame
very_lame\29.jpg,very_lame
very_lame\30.jpg,very_lame
very_lame\31.jpg,very_lame
very_lame\32.jpg,very_lame
very_lame\33.jpg,very_lame
very_lame\34.jpg,very_lame
very_lame\35.jpg,very_lame
very_lame\36.jpg,very_lame
very_lame\37.jpg,very_lame
very_lame\38.jpg,very_lame
very_lame\39.jpg,very_lame
very_lame\40.jpg,very_lame
very_lame\41.jpg,very_lame
very_lame\42.jpg,very_lame
very_lame\43.jpg,very_lame
very_lame\44.jpg,very_lame
very_lame\45.jpg,very_lame
very_lame\46.jpg,very_lame
very_lame\47.jpg,very_lame
very_lame\48.jpg,very_lame
very_lame\49.jpg,very_lame
very_lame\50.jpg,very_lame
very_lame\51.jpg,very_lame
very_lame\52.jpg,very_lame
very_lame\53.jpg,very_lame
very_lame\54.jpg,very_lame
very_lame\55.jpg,very_lame
very_lame\56.jpg,very_lame
very_lame\57.jpg,very_lame
very_lame\58.jpg,very_lame
very_lame\59.jpg,very_lame
very_lame\60.jpg,very_lame
very_lame\61.jpg,very_lame
very_lame\62.jpg,very_lame
very_lame\63.jpg,very_lame
very_lame\64.jpg,very_lame
very_lame\65.jpg,very_lame
very_lame\66.jpg,very_lame
very_lame\67.jpg,very_lame
very_lame\68.jpg,very_lame
very_lame\69.jpg,very_lame
very_lame\70.jpg,very_lame
very_lame\71.jpg,very_lame
very_lame\72.jpg,very_lame
very_lame\73.jpg,very_lame
very_lame\74.jpg,very_lame
very_lame\75.jpg,very_lame
very_lame\76.jpg,very_lame
very_lame\77.jpg,very_lame
very_lame\78.jpg,very_lame
very_lame\79.jpg,very_lame
very_lame\80.jpg,very_lame
very_lame\81.jpg,very_lame
very_lame\82.jpg,very_lame
very_lame\83.jpg,very_lame
very_lame\84.jpg,very_lame
very_lame\85.jpg,very_lame
very_lame\86.jpg,very_lame
very_lame\87.jpg,very_lame
very_lame\88.jpg,very_lame
very_lame\89.jpg,very_lame
very_lame\90.jpg,very_lame
very_lame\91.jpg,very_lame
very_lame\92.jpg,very_lame
very_lame\93.jpg,very_lame
very_lame\94.jpg,very_lame
very_lame\95.jpg,very_lame
very_lame\96.jpg,very_lame
very_lame\97.jpg,very_lame
very_lame\98.jpg,very_lame
very_lame\99.jpg,very_lame
very_lame\100.jpg,very_lame
very_lame\101.jpg,very_lame
very_lame\102.jpg,very_lame
very_lame\103.jpg,very_lame
very_lame\104.jpg,very_lame
very_lame\105.jpg,very_lame
very_lame\106.jpg,very_lame
very_lame\107.jpg,very_lame
very_lame\108.jpg,very_lame
very_lame\109.jpg,very_lame
very_lame\110.jpg,very_lame
very_lame\111.jpg,very_lame
very_lame\112.jpg,very_lame
very_lame\113.jpg,very_lame
very_lame\114.jpg,very_lame
very_lame\115.jpg,very_lame
very_lame\116.jpg,very_lame
very_lame\117.jpg,very_lame
very_lame\118.jpg,very_lame
very_lame\119.jpg,very_lame
very_lame\120.jpg,very_lame
very_lame\121.jpg,very_lame
very_lame\122.jpg,very_lame
very_lame\123.jpg,very_lame
very_lame\124.jpg,very_lame
very_lame\125.jpg,very_lame
very_lame\126.jpg,very_lame
very_lame\127.jpg,very_lame
very_lame\128.jpg,very_lame
very_lame\129.jpg,very_lame
very_lame\130.jpg,very_lame
very_lame\131.jpg,very_lame
very_lame\132.jpg,very_lame
very_lame\133.jpg,very_lame
very_lame\134.jpg,very_lame
very_lame\135.jpg,very_lame
very_lame\136.jpg,very_lame
very_lame\137.jpg,very_lame
very_lame\138.jpg,very_lame
very_lame\139.jpg,very_lame
very_lame\140.jpg,very_lame
very_lame\141.jpg,very_lame
very_lame\142.jpg,very_lame
very_lame\143.jpg,very_lame
very_lame\144.jpg,very_lame
very_lame\145.jpg,very_lame
very_lame\146.jpg,very_lame
very_lame\147.jpg,very_lame
very_lame\148.jpg,very_lame
very_lame\149.jpg,very_lame
very_lame\150.jpg,very_lame
very_lame\151.jpg,very_lame
very_lame\152.jpg,very_lame
very_lame\153.jpg,very_lame
very_lame\154.jpg,very_lame
very_lame\155.jpg,very_lame
very_lame\156.jpg,very_lame
very_lame\157.jpg,very_lame
very_lame\158.jpg,very_lame
very_lame\159.jpg,very_lame
very_lame\160.jpg,very_lame
very_lame\161.jpg,very_lame
very_lame\162.jpg,very_lame
very_lame\163.jpg,very_lame
very_lame\164.jpg,very_lame
very_lame\165.jpg,very_lame
very_lame\166.jpg,very_lame
very_lame\167.jpg,very_lame
very_lame\168.jpg,very_lame
very_lame\169.jpg,very_lame
very_lame\170.jpg,very_lame
very_lame\171.jpg,very_lame
very_lame\172.jpg,very_lame
very_lame\173.jpg,very_lame
very_lame\174.jpg,very_lame
very_lame\175.jpg,very_lame
very_lame\176.jpg,very_lame
very_lame\177.jpg,very_lame
very_lame\178.jpg,very_lame
very_lame\179.jpg,very_lame
very_lame\180.jpg,very_lame
very_lame\181.jpg,very_lame
very_lame\182.jpg,very_lame
very_lame\183.jpg,very_lame
very_lame\184.jpg,very_lame
very_lame\185.jpg,very_lame
very_lame\186.jpg,very_lame
very_lame\187.jpg,very_lame
very_lame\188.jpg,very_lame
very_lame\189.jpg,very_lame
very_lame\190.jpg,very_lame
very_lame\191.jpg,very_lame
very_lame\192.jpg,very_lame
very_lame\193.jpg,very_lame
very_lame\194.jpg,very_lame
very_lame\195.jpg,very_lame
very_lame\196.jpg,very_lame
very_lame\197.jpg,very_lame
very_lame\198.jpg,very_lame
very_lame\199.jpg,very_lame
very_lame\200.jpg,very_lame
very_lame\201.jpg,very_lame
very_lame\202.jpg,very_lame
very_lame\203.jpg,very_lame
very_lame\204.jpg,very_lame
very_lame\205.jpg,very_lame
very_lame\206.jpg,very_lame
very_lame\207.jpg,very_lame
very_lame\208.jpg,very_lame
very_lame\209.jpg,very_lame
very_lame\210.jpg,very_lame
very_lame\211.jpg,very_lame
very_lame\212.jpg,very_lame
very_lame\213.jpg,very_lame
very_lame\214.jpg,very_lame
very_lame\215.jpg,very_lame
very_lame\216.jpg,very_lame
very_lame\217.jpg,very_lame
very_lame\218.jpg,very_lame
very_lame\219.jpg,very_lame
very_lame\220.jpg,very_lame
very_lame\221.jpg,very_lame
very_lame\222.jpg,very_lame
very_lame\223.jpg,very_lame
very_lame\224.jpg,very_lame
very_lame\225.jpg,very_lame
very_lame\226.jpg,very_lame
very_lame\227.jpg,very_lame
very_lame\228.jpg,very_lame
very_lame\229.jpg,very_lame
very_lame\230.jpg,very_lame
very_lame\231.jpg,very_lame
very_lame\232.jpg,very_lame
very_lame\233.jpg,very_lame
very_lame\234.jpg,very_lame
very_lame\235.jpg,very_lame
very_lame\236.jpg,very_lame
very_lame\237.jpg,very_lame
very_lame\238.jpg,very_lame
very_lame\239.jpg,very_lame
very_lame\240.jpg,very_lame
very_lame\241.jpg,very_lame
very_lame\242.jpg,very_lame
very_lame\243.jpg,very_lame
very_lame\244.jpg,very_lame
very_lame\245.jpg,very_lame
very_lame\246.jpg,very_lame
very_lame\247.jpg,very_lame
very_lame\248.jpg,very_lame
very_lame\249.jpg,very_lame
very_lame\250.jpg,very_lame
very_lame\251.jpg,very_lame
very_lame\252.jpg,very_lame
very_lame\253.jpg,very_lame
very_lame\254.jpg,very_lame
very_lame\255.jpg,very_lame
very_lame\256.jpg,very_lame
very_lame\257.jpg,very_lame
very_lame\258.jpg,very_lame
very_lame\259.jpg,very_lame
very_lame\260.jpg,very_lame
very_lame\261.jpg,very_lame
very_lame\262.jpg,very_lame
very_lame\263.jpg,very_lame
very_lame\264.jpg,very_lame
very_lame\265.jpg,very_lame
very_lame\266.jpg,very_lame
very_lame\267.jpg,very_lame
very_lame\268.jpg,very_lame
very_lame\269.jpg,very_lame
very_lame\270.jpg,very_lame
very_lame\271.jpg,very_lame
very_lame\272.jpg,very_lame
very_lame\273.jpg,very_lame
very_lame\274.jpg,very_lame
very_lame\275.jpg,very_lame
very_lame\276.jpg,very_lame
very_lame\277.jpg,very_lame
very_lame\278.jpg,very_lame
very_lame\279.jpg,very_lame
very_lame\280.jpg,very_lame
very_lame\281.jpg,very_lame
very_lame\282.jpg,very_lame
very_lame\283.jpg,very_lame
very_lame\284.jpg,very_lame
very_lame\285.jpg,very_lame
very_lame\286.jpg,very_lame
very_lame\287.jpg,very_lame
very_lame\288.jpg,very_lame
very_lame\289.jpg,very_lame
very_lame\290.jpg,very_lame
very_lame\291.jpg,very_lame
very_lame\292.jpg,very_lame
very_lame\293.jpg,very_lame
very_lame\294.jpg,very_lame
very_lame\295.jpg,very_lame
very_lame\296.jpg,very_lame
very_lame\297.jpg,very_lame
very_lame\298.jpg,very_lame
very_lame\299.jpg,very_lame
very_lame\300.jpg,very_lame
very_lame\301.jpg,very_lame
very_lame\302.jpg,very_lame
very_lame\303.jpg,very_lame
very_lame\304.jpg,very_lame
very_lame\305.jpg,very_lame
very_lame\306.jpg,very_lame
very_lame\307.jpg,very_lame
very_lame\308.jpg,very_lame
very_lame\309.jpg,very_lame
very_lame\310.jpg,very_lame
very_lame\311.jpg,very_lame
very_lame\312.jpg,very_lame
very_lame\313.jpg,very_lame
very_lame\314.jpg,very_lame
very_lame\315.jpg,very_lame
very_lame\316.jpg,very_lame
very_lame\317.jpg,very_lame
very_lame\318.jpg,very_lame
very_lame\319.jpg,very_lame
very_lame\320.jpg,very_lame
very_lame\321.jpg,very_lame
very_lame\322.jpg,very_lame
very_lame\323.jpg,very_lame
very_lame\324.jpg,very_lame
very_lame\325.jpg,very_lame
very_lame\326.jpg,very_lame
very_lame\327.jpg,very_lame
very_lame\328.jpg,very_lame
very_lame\329.jpg,very_lame
very_lame\330.jpg,very_lame
very_lame\331.jpg,very_lame
very_lame\332.jpg,very_lame
very_lame\333.jpg,very_lame
very_lame\334.jpg,very_lame
very_lame\335.jpg,very_lame
very_lame\336.jpg,very_lame
very_lame\337.jpg,very_lame
very_lame\338.jpg,very_lame
very_lame\339.jpg,very_lame
very_lame\340.jpg,very_lame
very_lame\341.jpg,very_lame
very_lame\342.jpg,very_lame
very_lame\343.jpg,very_lame
very_lame\344.jpg,very_lame
very_lame\345.jpg,very_lame
very_lame\346.jpg,very_lame
very_lame\347.jpg,very_lame
very_lame\348.jpg,very_lame
very_lame\349.jpg,very_lame
very_lame\350.jpg,very_lame
very_lame\351.jpg,very_lame
very_lame\352.jpg,very_lame
very_lame\353.jpg,very_lame
very_lame\354.jpg,very_lame
very_lame\355.jpg,very_lame
very_lame\356.jpg,very_lame
very_lame\357.jpg,very_lame
very_lame\358.jpg,very_lame
very_lame\359.jpg,very_lame
very_lame\360.jpg,very_lame
very_lame\361.jpg,very_lame
very_lame\362.jpg,very_lame
very_lame\363.jpg,very_lame
very_lame\364.jpg,very_lame
very_lame\365.jpg,very_lame
very_lame\366.jpg,very_lame
very_lame\367.jpg,very_lame
very_lame\368.jpg,very_lame
very_lame\369.jpg,very_lame
very_lame\370.jpg,very_lame
very_lame\371.jpg,very_lame
very_lame\372.jpg,very_lame
very_lame\373.jpg,very_lame
very_lame\374.jpg,very_lame
very_lame\375.jpg,very_lame
very_lame\376.jpg,very_lame
very_lame\377.jpg,very_lame
very_lame\378.jpg,very_lame
very_lame\379.jpg,very_lame
very_lame\380.jpg,very_lame
very_lame\381.jpg,very_lame
very_lame\382.jpg,very_lame
very_lame\383.jpg,very_lame
very_lame\384.jpg,very_lame
very_lame\385.jpg,very_lame
very_lame\386.jpg,very_lame
very_lame\387.jpg,very_lame
very_lame\388.jpg,very_lame
very_lame\389.jpg,very_lame
very_lame\390.jpg,very_lame
very_lame\391.jpg,very_lame
very_lame\392.jpg,very_lame
very_lame\393.jpg,very_lame
very_lame\394.jpg,very_lame
very_lame\395.jpg,very_lame
very_lame\396.jpg,very_lame
very_lame\397.jpg,very_lame
very_lame\398.jpg,very_lame
very_lame\399.jpg,very_lame
very_lame\400.jpg,very_lame
very_lame\401.jpg,very_lame
very_lame\402.jpg,very_lame
very_lame\403.jpg,very_lame
very_lame\404.jpg,very_lame
very_lame\405.jpg,very_lame
very_lame\406.jpg,very_lame
very_lame\407.jpg,very_lame
very_lame\408.jpg,very_lame
very_lame\409.jpg,very_lame
very_lame\410.jpg,very_lame
very_lame\411.jpg,very_lame
very_lame\412.jpg,very_lame
very_lame\413.jpg,very_lame
very_lame\414.jpg,very_lame
very_lame\415.jpg,very_lame
very_lame\416.jpg,very_lame
very_lame\417.jpg,very_lame
very_lame\418.jpg,very_lame
very_lame\419.jpg,very_lame
very_lame\420.jpg,very_lame
very_lame\421.jpg,very_lame
very_lame\422.jpg,very_lame
very_lame\423.jpg,very_lame
very_lame\424.jpg,very_lame
very_lame\425.jpg,very_lame
very_lame\426.jpg,very_lame
very_lame\427.jpg,very_lame
very_lame\428.jpg,very_lame
very_lame\429.jpg,very_lame
very_lame\430.jpg,very_lame
very_lame\431.jpg,very_lame
very_lame\432.jpg,very_lame
very_lame\433.jpg,very_lame
very_lame\434.jpg,very_lame
very_lame\435.jpg,very_lame
very_lame\436.jpg,very_lame
very_lame\437.jpg,very_lame
very_lame\438.jpg,very_lame
very_lame\439.jpg,very_lame
very_lame\440.jpg,very_lame
very_lame\441.jpg,very_lame
very_lame\442.jpg,very_lame
very_lame\443.jpg,very_lame
very_lame\444.jpg,very_lame
very_lame\445.jpg,very_lame
very_lame\446.jpg,very_lame
very_lame\447.jpg,very_lame
very_lame\448.jpg,very_lame
very_lame\449.jpg,very_lame
very_lame\450.jpg,very_lame
very_lame\451.jpg,very_lame
very_lame\452.jpg,very_lame
very_lame\453.jpg,very_lame
very_lame\454.jpg,very_lame
very_lame\455.jpg,very_lame
very_lame\456.jpg,very_lame
very_lame\457.jpg,very_lame
very_lame\458.jpg,very_lame
very_lame\459.jpg,very_lame
very_lame\460.jpg,very_lame
very_lame\461.jpg,very_lame
very_lame\462.jpg,very_lame
very_lame\463.jpg,very_lame
very_lame\464.jpg,very_lame
very_lame\465.jpg,very_lame
very_lame\466.jpg,very_lame
very_lame\467.jpg,very_lame
very_lame\468.jpg,very_lame
very_lame\469.jpg,very_lame
very_lame\470.jpg,very_lame
very_lame\471.jpg,very_lame
very_lame\472.jpg,very_lame
very_lame\473.jpg,very_lame
very_lame\474.jpg,very_lame
very_lame\475.jpg,very_lame
very_lame\476.jpg,very_lame
very_lame\477.jpg,very_lame
very_lame\478.jpg,very_lame
very_lame\479.jpg,very_lame
very_lame\480.jpg,very_lame
very_lame\481.jpg,very_lame
very_lame\482.jpg,very_lame
very_lame\483.jpg,very_lame
very_lame\484.jpg,very_lame
very_lame\485.jpg,very_lame
very_lame\486.jpg,very_lame
very_lame\487.jpg,very_lame
very_lame\488.jpg,very_lame
very_lame\489.jpg,very_lame
very_lame\490.jpg,very_lame
very_lame\491.jpg,very_lame
very_lame\492.jpg,very_lame
very_lame\493.jpg,very_lame
very_lame\494.jpg,very_lame
very_lame\495.jpg,very_lame
very_lame\496.jpg,very_lame
very_lame\497.jpg,very_lame
very_lame\498.jpg,very_lame
very_lame\499.jpg,very_lame
very_lame\500.jpg,very_lame
very_lame\501.jpg,very_lame
very_lame\502.jpg,very_lame
very_lame\503.jpg,very_lame
very_lame\504.jpg,very_lame
very_lame\505.jpg,very_lame
very_lame\506.jpg,very_lame
very_lame\507.jpg,very_lame
very_lame\508.jpg,very_lame
very_lame\509.jpg,very_lame
very_lame\510.jpg,very_lame
very_lame\511.jpg,very_lame
very_lame\512.jpg,very_lame
very_lame\513.jpg,very_lame
very_lame\514.jpg,very_lame
very_lame\515.jpg,very_lame
very_lame\516.jpg,very_lame
very_lame\517.jpg,very_lame
very_lame\518.jpg,very_lame
very_lame\519.jpg,very_lame
very_lame\520.jpg,very_lame
very_lame\521.jpg,very_lame
very_lame\522.jpg,very_lame
very_lame\523.jpg,very_lame
very_lame\524.jpg,very_lame
very_lame\525.jpg,very_lame
very_lame\526.jpg,very_lame
very_lame\527.jpg,very_lame
very_lame\528.jpg,very_lame
very_lame\529.jpg,very_lame
very_lame\530.jpg,very_lame
very_lame\531.jpg,very_lame
very_lame\532.jpg,very_lame
very_lame\533.jpg,very_lame
very_lame\534.jpg,very_lame
very_lame\535.jpg,very_lame
very_lame\536.jpg,very_lame
very_lame\537.jpg,very_lame
very_lame\538.jpg,very_lame
very_lame\539.jpg,very_lame
very_lame\540.jpg,very_lame
very_lame\541.jpg,very_lame
very_lame\542.jpg,very_lame
very_lame\543.jpg,very_lame
very_lame\544.jpg,very_lame
very_lame\545.jpg,very_lame
very_lame\546.jpg,very_lame
very_lame\547.jpg,very_lame
very_lame\548.jpg,very_lame
very_lame\549.jpg,very_lame
very_lame\550.jpg,very_lame
very_lame\551.jpg,very_lame
very_lame\552.jpg,very_lame
very_lame\553.jpg,very_lame
very_lame\554.jpg,very_lame
very_lame\555.jpg,very_lame
very_lame\637.jpg,very_lame
very_lame\638.jpg,very_lame
very_lame\639.jpg,very_lame
very_lame\640.jpg,very_lame
very_lame\641.jpg,very_lame
very_lame\642.jpg,very_lame
very_lame\643.jpg,very_lame
very_lame\644.jpg,very_lame
very_lame\645.jpg,very_lame
very_lame\646.jpg,very_lame
very_lame\647.jpg,very_lame
very_lame\648.jpg,very_lame
very_lame\649.jpg,very_lame
very_lame\650.jpg,very_lame
very_lame\651.jpg,very_lame
very_lame\652.jpg,very_lame
very_lame\653.jpg,very_lame
very_lame\654.jpg,very_lame
very_lame\655.jpg,very_lame
very_lame\656.jpg,very_lame
very_lame\657.jpg,very_lame
very_lame\658.jpg,very_lame
very_lame\659.jpg,very_lame
very_lame\660.jpg,very_lame
very_lame\661.jpg,very_lame
very_lame\662.jpg,very_lame
very_lame\663.jpg,very_lame
very_lame\664.jpg,very_lame
very_lame\665.jpg,very_lame
very_lame\666.jpg,very_lame
very_lame\667.jpg,very_lame
very_lame\668.jpg,very_lame
very_lame\669.jpg,very_lame
very_lame\670.jpg,very_lame
very_lame\671.jpg,very_lame
very_lame\672.jpg,very_lame
very_lame\673.jpg,very_lame
very_lame\674.jpg,very_lame
very_lame\675.jpg,very_lame
very_lame\676.jpg,very_lame
very_lame\677.jpg,very_lame
very_lame\678.jpg,very_lame
very_lame\679.jpg,very_lame
very_lame\680.jpg,very_lame
very_lame\681.jpg,very_lame
very_lame\682.jpg,very_lame
very_lame\683.jpg,very_lame
very_lame\684.jpg,very_lame
very_lame\685.jpg,very_lame
very_lame\686.jpg,very_lame
very_lame\687.jpg,very_lame
very_lame\688.jpg,very_lame
very_lame\689.jpg,very_lame
very_lame\690.jpg,very_lame
very_lame\691.jpg,very_lame
very_lame\692.jpg,very_lame
very_lame\693.jpg,very_lame
very_lame\694.jpg,very_lame
very_lame\695.jpg,very_lame
very_lame\696.jpg,very_lame
very_lame\697.jpg,very_lame
very_lame\698.jpg,very_lame
very_lame\699.jpg,very_lame
very_lame\700.jpg,very_lame
very_lame\701.jpg,very_lame
very_lame\702.jpg,very_lame
very_lame\703.jpg,very_lame
very_lame\704.jpg,very_lame
very_lame\705.jpg,very_lame
very_lame\706.jpg,very_lame
very_lame\707.jpg,very_lame
very_lame\708.jpg,very_lame
very_lame\709.jpg,very_lame
very_lame\710.jpg,very_lame
very_lame\711.jpg,very_lame
very_lame\712.jpg,very_lame
very_lame\713.jpg,very_lame
very_lame\714.jpg,very_lame
very_lame\715.jpg,very_lame
very_lame\716.jpg,very_lame
very_lame\717.jpg,very_lame
very_lame\718.jpg,very_lame
very_lame\719.jpg,very_lame
very_lame\720.jpg,very_lame
very_lame\721.jpg,very_lame
very_lame\722.jpg,very_lame
very_lame\723.jpg,very_lame
very_lame\724.jpg,very_lame
very_lame\725.jpg,very_lame
very_lame\726.jpg,very_lame
very_lame\727.jpg,very_lame
very_lame\728.jpg,very_lame
very_lame\729.jpg,very_lame
very_lame\730.jpg,very_lame
very_lame\731.jpg,very_lame
very_lame\732.jpg,very_lame
very_lame\733.jpg,very_lame
very_lame\734.jpg,very_lame
very_lame\735.jpg,very_lame
very_lame\736.jpg,very_lame
very_lame\737.jpg,very_lame
very_lame\738.jpg,very_lame
very_lame\739.jpg,very_lame
very_lame\740.jpg,very_lame
very_lame\741.jpg,very_lame
very_lame\742.jpg,very_lame
very_lame\743.jpg,very_lame
very_lame\744.jpg,very_lame
very_lame\745.jpg,very_lame
very_lame\746.jpg,very_lame
very_lame\747.jpg,very_lame
very_lame\748.jpg,very_lame
very_lame\749.jpg,very_lame
very_lame\750.jpg,very_lame
very_lame\751.jpg,very_lame
very_lame\752.jpg,very_lame
very_lame\753.jpg,very_lame
very_lame\754.jpg,very_lame
very_lame\755.jpg,very_lame
very_lame\756.jpg,very_lame
very_lame\757.jpg,very_lame
very_lame\758.jpg,very_lame
very_lame\759.jpg,very_lame
very_lame\760.jpg,very_lame
very_lame\761.jpg,very_lame
very_lame\762.jpg,very_lame
very_lame\763.jpg,very_lame
very_lame\764.jpg,very_lame
very_lame\765.jpg,very_lame
very_lame\766.jpg,very_lame
very_lame\767.jpg,very_lame
very_lame\768.jpg,very_lame
very_lame\769.jpg,very_lame
very_lame\770.jpg,very_lame
very_lame\771.jpg,very_lame
very_lame\772.jpg,very_lame
very_lame\773.jpg,very_lame
very_lame\774.jpg,very_lame
very_lame\775.jpg,very_lame
very_lame\776.jpg,very_lame
very_lame\777.jpg,very_lame
very_lame\778.jpg,very_lame
very_lame\779.jpg,very_lame
very_lame\780.jpg,very_lame
very_lame\781.jpg,very_lame
very_lame\782.jpg,very_lame
very_lame\783.jpg,very_lame
very_lame\784.jpg,very_lame
very_lame\785.jpg,very_lame
very_lame\786.jpg,very_lame
very_lame\787.jpg,very_lame
very_lame\788.jpg,very_lame
very_lame\789.jpg,very_lame
very_lame\790.jpg,very_lame
very_lame\791.jpg,very_lame
very_lame\792.jpg,very_lame
very_lame\793.jpg,very_lame
very_lame\794.jpg,very_lame
very_lame\795.jpg,very_lame
very_lame\796.jpg,very_lame
very_lame\797.jpg,very_lame
very_lame\798.jpg,very_lame
very_lame\799.jpg,very_lame
very_lame\800.jpg,very_lame
very_lame\801.jpg,very_lame
very_lame\802.jpg,very_lame
very_lame\803.jpg,very_lame
very_lame\804.jpg,very_lame
very_lame\805.jpg,very_lame
very_lame\806.jpg,very_lame
very_lame\807.jpg,very_lame
very_lame\808.jpg,very_lame
very_lame\809.jpg,very_lame
very_lame\810.jpg,very_lame
very_lame\811.jpg,very_lame
very_lame\812.jpg,very_lame
very_lame\813.jpg,very_lame
very_lame\814.jpg,very_lame
very_lame\815.jpg,very_lame
very_lame\816.jpg,very_lame
very_lame\817.jpg,very_lame
very_lame\818.jpg,very_lame
very_lame\819.jpg,very_lame
very_lame\820.jpg,very_lame
very_lame\821.jpg,very_lame
very_lame\822.jpg,very_lame
very_lame\823.jpg,very_lame
very_lame\824.jpg,very_lame
very_lame\825.jpg,very_lame
very_lame\826.jpg,very_lame
very_lame\827.jpg,very_lame
very_lame\828.jpg,very_lame
very_lame\829.jpg,very_lame
very_lame\830.jpg,very_lame
very_lame\831.jpg,very_lame
very_lame\832.jpg,very_lame
very_lame\833.jpg,very_lame
very_lame\834.jpg,very_lame
very_lame\835.jpg,very_lame
very_lame\836.jpg,very_lame
very_lame\837.jpg,very_lame
very_lame\838.jpg,very_lame
very_lame\839.jpg,very_lame
very_lame\840.jpg,very_lame
very_lame\841.jpg,very_lame
very_lame\842.jpg,very_lame
very_lame\843.jpg,very_lame
very_lame\844.jpg,very_lame
very_lame\845.jpg,very_lame
very_lame\846.jpg,very_lame
very_lame\847.jpg,very_lame
very_lame\848.jpg,very_lame
very_lame\849.jpg,very_lame
very_lame\850.jpg,very_lame
very_lame\851.jpg,very_lame
very_lame\852.jpg,very_lame
very_lame\853.jpg,very_lame
very_lame\854.jpg,very_lame
very_lame\855.jpg,very_lame
very_lame\856.jpg,very_lame
very_lame\857.jpg,very_lame
very_lame\858.jpg,very_lame
very_lame\859.jpg,very_lame
very_lame\860.jpg,very_lame
very_lame\861.jpg,very_lame
very_lame\862.jpg,very_lame
very_lame\863.jpg,very_lame
very_lame\864.jpg,very_lame
very_lame\865.jpg,very_lame
very_lame\866.jpg,very_lame
very_lame\867.jpg,very_lame
very_lame\868.jpg,very_lame
very_lame\869.jpg,very_lame
very_lame\870.jpg,very_lame
very_lame\871.jpg,very_lame
very_lame\872.jpg,very_lame
very_lame\873.jpg,very_lame
very_lame\874.jpg,very_lame
very_lame\875.jpg,very_lame
very_lame\876.jpg,very_lame
very_lame\877.jpg,very_lame
very_lame\878.jpg,very_lame
very_lame\879.jpg,very_lame
very_lame\880.jpg,very_lame
very_lame\881.jpg,very_lame
very_lame\882.jpg,very_lame
very_lame\883.jpg,very_lame
very_lame\884.jpg,very_lame
very_lame\885.jpg,very_lame
very_lame\886.jpg,very_lame
very_lame\887.jpg,very_lame
very_lame\888.jpg,very_lame
very_lame\889.jpg,very_lame
very_lame\890.jpg,very_lame
very_lame\891.jpg,very_lame
very_lame\892.jpg,very_lame
very_lame\893.jpg,very_lame
very_lame\894.jpg,very_lame
very_lame\895.jpg,very_lame
very_lame\896.jpg,very_lame
very_lame\897.jpg,very_lame
very_lame\898.jpg,very_lame
very_lame\899.jpg,very_lame
very_lame\900.jpg,very_lame
very_lame\901.jpg,very_lame
very_lame\902.jpg,very_lame
very_lame\903.jpg,very_lame
very_lame\904.jpg,very_lame
very_lame\905.jpg,very_lame
very_lame\906.jpg,very_lame
very_lame\907.jpg,very_lame
very_lame\908.jpg,very_lame
very_lame\909.jpg,very_lame
very_lame\910.jpg,very_lame
very_lame\911.jpg,very_lame
very_lame\912.jpg,very_lame
very_lame\913.jpg,very_lame
very_lame\914.jpg,very_lame
very_lame\915.jpg,very_lame
very_lame\916.jpg,very_lame
very_lame\0.jpg,very_lame
very_lame\1.jpg,very_lame
very_lame\2.jpg,very_lame
very_lame\3.jpg,very_lame
very_lame\4.jpg,very_lame
very_lame\5.jpg,very_lame
very_lame\6.jpg,very_lame
very_lame\7.jpg,very_lame
very_lame\8.jpg,very_lame
very_lame\9.jpg,very_lame
very_lame\10.jpg,very_lame
very_lame\11.jpg,very_lame
very_lame\12.jpg,very_lame
very_lame\13.jpg,very_lame
very_lame\14.jpg,very_lame
very_lame\15.jpg,very_lame
very_lame\16.jpg,very_lame
very_lame\17.jpg,very_lame
very_lame\18.jpg,very_lame
very_lame\19.jpg,very_lame
very_lame\20.jpg,very_lame
very_lame\21.jpg,very_lame
very_lame\22.jpg,very_lame
very_lame\23.jpg,very_lame
very_lame\24.jpg,very_lame
very_lame\25.jpg,very_lame
very_lame\26.jpg,very_lame
very_lame\27.jpg,very_lame
very_lame\28.jpg,very_lame
very_lame\29.jpg,very_lame
very_lame\30.jpg,very_lame
very_lame\31.jpg,very_lame
very_lame\32.jpg,very_lame
very_lame\33.jpg,very_lame
very_lame\34.jpg,very_lame
very_lame\35.jpg,very_lame
very_lame\36.jpg,very_lame
very_lame\37.jpg,very_lame
very_lame\38.jpg,very_lame
very_lame\39.jpg,very_lame
very_lame\40.jpg,very_lame
very_lame\41.jpg,very_lame
very_lame\42.jpg,very_lame
very_lame\43.jpg,very_lame
very_lame\44.jpg,very_lame
very_lame\45.jpg,very_lame
very_lame\46.jpg,very_lame
very_lame\47.jpg,very_lame
very_lame\48.jpg,very_lame
very_lame\49.jpg,very_lame
very_lame\50.jpg,very_lame
very_lame\51.jpg,very_lame
very_lame\52.jpg,very_lame
very_lame\53.jpg,very_lame
very_lame\54.jpg,very_lame
very_lame\55.jpg,very_lame
very_lame\56.jpg,very_lame
very_lame\57.jpg,very_lame
very_lame\58.jpg,very_lame
very_lame\59.jpg,very_lame
very_lame\60.jpg,very_lame
very_lame\61.jpg,very_lame
very_lame\62.jpg,very_lame
very_lame\63.jpg,very_lame
very_lame\64.jpg,very_lame
very_lame\65.jpg,very_lame
very_lame\66.jpg,very_lame
very_lame\67.jpg,very_lame
very_lame\68.jpg,very_lame
very_lame\69.jpg,very_lame
very_lame\70.jpg,very_lame
very_lame\71.jpg,very_lame
very_lame\72.jpg,very_lame
very_lame\73.jpg,very_lame
very_lame\74.jpg,very_lame
very_lame\75.jpg,very_lame
very_lame\76.jpg,very_lame
very_lame\77.jpg,very_lame
very_lame\78.jpg,very_lame
very_lame\79.jpg,very_lame
very_lame\80.jpg,very_lame
very_lame\81.jpg,very_lame
very_lame\82.jpg,very_lame
very_lame\83.jpg,very_lame
very_lame\84.jpg,very_lame
very_lame\85.jpg,very_lame
very_lame\86.jpg,very_lame
very_lame\87.jpg,very_lame
very_lame\88.jpg,very_lame
very_lame\89.jpg,very_lame
very_lame\90.jpg,very_lame
very_lame\91.jpg,very_lame
very_lame\92.jpg,very_lame
very_lame\93.jpg,very_lame
very_lame\94.jpg,very_lame
very_lame\95.jpg,very_lame
very_lame\96.jpg,very_lame
very_lame\97.jpg,very_lame
very_lame\98.jpg,very_lame
very_lame\99.jpg,very_lame
very_lame\100.jpg,very_lame
very_lame\101.jpg,very_lame
very_lame\102.jpg,very_lame
very_lame\103.jpg,very_lame
very_lame\104.jpg,very_lame
very_lame\105.jpg,very_lame
very_lame\106.jpg,very_lame
very_lame\107.jpg,very_lame
very_lame\108.jpg,very_lame
very_lame\109.jpg,very_lame
very_lame\110.jpg,very_lame
very_lame\111.jpg,very_lame
very_lame\112.jpg,very_lame
very_lame\113.jpg,very_lame
very_lame\114.jpg,very_lame
very_lame\115.jpg,very_lame
very_lame\116.jpg,very_lame
very_lame\117.jpg,very_lame
very_lame\118.jpg,very_lame
very_lame\119.jpg,very_lame
very_lame\120.jpg,very_lame
very_lame\121.jpg,very_lame
very_lame\122.jpg,very_lame
very_lame\123.jpg,very_lame
very_lame\124.jpg,very_lame
very_lame\125.jpg,very_lame
very_lame\126.jpg,very_lame
very_lame\127.jpg,very_lame
very_lame\128.jpg,very_lame
very_lame\129.jpg,very_lame
very_lame\130.jpg,very_lame
very_lame\131.jpg,very_lame
very_lame\132.jpg,very_lame
very_lame\133.jpg,very_lame
very_lame\134.jpg,very_lame
very_lame\135.jpg,very_lame
very_lame\136.jpg,very_lame
very_lame\137.jpg,very_lame
very_lame\138.jpg,very_lame
very_lame\139.jpg,very_lame
very_lame\140.jpg,very_lame
very_lame\141.jpg,very_lame
very_lame\142.jpg,very_lame
very_lame\143.jpg,very_lame
very_lame\144.jpg,very_lame
very_lame\145.jpg,very_lame
very_lame\146.jpg,very_lame
very_lame\147.jpg,very_lame
very_lame\148.jpg,very_lame
very_lame\149.jpg,very_lame
very_lame\150.jpg,very_lame
very_lame\151.jpg,very_lame
very_lame\152.jpg,very_lame
very_lame\153.jpg,very_lame
very_lame\154.jpg,very_lame
very_lame\155.jpg,very_lame
very_lame\156.jpg,very_lame
very_lame\157.jpg,very_lame
very_lame\158.jpg,very_lame
very_lame\159.jpg,very_lame
very_lame\160.jpg,very_lame
very_lame\161.jpg,very_lame
very_lame\162.jpg,very_lame
very_lame\163.jpg,very_lame
very_lame\164.jpg,very_lame
very_lame\165.jpg,very_lame
very_lame\166.jpg,very_lame
very_lame\167.jpg,very_lame
very_lame\168.jpg,very_lame
very_lame\169.jpg,very_lame
very_lame\170.jpg,very_lame
very_lame\171.jpg,very_lame
very_lame\172.jpg,very_lame
very_lame\173.jpg,very_lame
very_lame\174.jpg,very_lame
very_lame\175.jpg,very_lame
very_lame\176.jpg,very_lame
very_lame\177.jpg,very_lame
very_lame\178.jpg,very_lame
very_lame\179.jpg,very_lame
very_lame\180.jpg,very_lame
very_lame\181.jpg,very_lame
very_lame\182.jpg,very_lame
very_lame\183.jpg,very_lame
very_lame\184.jpg,very_lame
very_lame\185.jpg,very_lame
very_lame\186.jpg,very_lame
very_lame\187.jpg,very_lame
very_lame\188.jpg,very_lame
very_lame\189.jpg,very_lame
very_lame\190.jpg,very_lame
very_lame\191.jpg,very_lame
very_lame\192.jpg,very_lame
very_lame\193.jpg,very_lame
very_lame\194.jpg,very_lame
very_lame\195.jpg,very_lame
very_lame\196.jpg,very_lame
very_lame\197.jpg,very_lame
very_lame\198.jpg,very_lame
very_lame\199.jpg,very_lame
very_lame\200.jpg,very_lame
very_lame\201.jpg,very_lame
very_lame\202.jpg,very_lame
very_lame\203.jpg,very_lame
very_lame\204.jpg,very_lame
very_lame\205.jpg,very_lame
very_lame\206.jpg,very_lame
very_lame\207.jpg,very_lame
very_lame\208.jpg,very_lame
very_lame\209.jpg,very_lame
very_lame\210.jpg,very_lame
very_lame\211.jpg,very_lame
very_lame\212.jpg,very_lame
very_lame\213.jpg,very_lame
very_lame\214.jpg,very_lame
very_lame\215.jpg,very_lame
very_lame\216.jpg,very_lame
very_lame\217.jpg,very_lame
very_lame\218.jpg,very_lame
very_lame\219.jpg,very_lame
very_lame\220.jpg,very_lame
very_lame\221.jpg,very_lame
very_lame\222.jpg,very_lame
very_lame\223.jpg,very_lame
very_lame\224.jpg,very_lame
very_lame\225.jpg,very_lame
very_lame\226.jpg,very_lame
very_lame\227.jpg,very_lame
very_lame\228.jpg,very_lame
very_lame\229.jpg,very_lame
very_lame\230.jpg,very_lame
very_lame\231.jpg,very_lame
very_lame\232.jpg,very_lame
very_lame\233.jpg,very_lame
very_lame\234.jpg,very_lame
very_lame\235.jpg,very_lame
very_lame\236.jpg,very_lame
very_lame\237.jpg,very_lame
very_lame\238.jpg,very_lame
very_lame\239.jpg,very_lame
very_lame\240.jpg,very_lame
very_lame\241.jpg,very_lame
very_lame\242.jpg,very_lame
very_lame\243.jpg,very_lame
very_lame\244.jpg,very_lame
very_lame\245.jpg,very_lame
very_lame\246.jpg,very_lame
very_lame\247.jpg,very_lame
very_lame\248.jpg,very_lame
very_lame\249.jpg,very_lame
very_lame\250.jpg,very_lame
very_lame\251.jpg,very_lame
very_lame\252.jpg,very_lame
very_lame\253.jpg,very_lame
very_lame\254.jpg,very_lame
very_lame\255.jpg,very_lame
very_lame\256.jpg,very_lame
very_lame\257.jpg,very_lame
very_lame\258.jpg,very_lame
very_lame\259.jpg,very_lame
very_lame\260.jpg,very_lame
very_lame\261.jpg,very_lame
very_lame\262.jpg,very_lame
very_lame\263.jpg,very_lame
very_lame\264.jpg,very_lame
very_lame\265.jpg,very_lame
very_lame\266.jpg,very_lame
very_lame\267.jpg,very_lame
very_lame\268.jpg,very_lame
very_lame\269.jpg,very_lame
very_lame\270.jpg,very_lame
very_lame\271.jpg,very_lame
very_lame\272.jpg,very_lame
very_lame\273.jpg,very_lame
very_lame\274.jpg,very_lame
very_lame\275.jpg,very_lame
very_lame\276.jpg,very_lame
very_lame\277.jpg,very_lame
very_lame\278.jpg,very_lame
very_lame\279.jpg,very_lame
very_lame\280.jpg,very_lame
very_lame\281.jpg,very_lame
very_lame\282.jpg,very_lame
very_lame\283.jpg,very_lame
very_lame\284.jpg,very_lame
very_lame\285.jpg,very_lame
very_lame\286.jpg,very_lame
very_lame\287.jpg,very_lame
very_lame\288.jpg,very_lame
very_lame\289.jpg,very_lame
very_lame\290.jpg,very_lame
very_lame\291.jpg,very_lame
very_lame\292.jpg,very_lame
very_lame\293.jpg,very_lame
very_lame\294.jpg,very_lame
very_lame\295.jpg,very_lame
very_lame\296.jpg,very_lame
very_lame\297.jpg,very_lame
very_lame\298.jpg,very_lame
very_lame\299.jpg,very_lame
very_lame\300.jpg,very_lame
very_lame\301.jpg,very_lame
very_lame\302.jpg,very_lame
very_lame\303.jpg,very_lame
very_lame\304.jpg,very_lame
very_lame\305.jpg,very_lame
very_lame\306.jpg,very_lame
very_lame\307.jpg,very_lame
very_lame\308.jpg,very_lame
very_lame\309.jpg,very_lame
very_lame\310.jpg,very_lame
very_lame\311.jpg,very_lame
very_lame\312.jpg,very_lame
very_lame\313.jpg,very_lame
very_lame\314.jpg,very_lame
very_lame\315.jpg,very_lame
very_lame\316.jpg,very_lame
very_lame\317.jpg,very_lame
very_lame\318.jpg,very_lame
very_lame\319.jpg,very_lame
very_lame\320.jpg,very_lame
very_lame\321.jpg,very_lame
very_lame\322.jpg,very_lame
very_lame\323.jpg,very_lame
very_lame\324.jpg,very_lame
very_lame\325.jpg,very_lame
very_lame\326.jpg,very_lame
very_lame\327.jpg,very_lame
very_lame\328.jpg,very_lame
very_lame\329.jpg,very_lame
very_lame\330.jpg,very_lame
very_lame\331.jpg,very_lame
very_lame\332.jpg,very_lame
very_lame\333.jpg,very_lame
very_lame\334.jpg,very_lame
very_lame\335.jpg,very_lame
very_lame\336.jpg,very_lame
very_lame\337.jpg,very_lame
very_lame\338.jpg,very_lame
very_lame\339.jpg,very_lame
very_lame\340.jpg,very_lame
very_lame\341.jpg,very_lame
very_lame\342.jpg,very_lame
very_lame\343.jpg,very_lame
very_lame\344.jpg,very_lame
very_lame\345.jpg,very_lame
very_lame\346.jpg,very_lame
very_lame\347.jpg,very_lame
very_lame\348.jpg,very_lame
very_lame\349.jpg,very_lame
very_lame\350.jpg,very_lame
very_lame\351.jpg,very_lame
very_lame\352.jpg,very_lame
very_lame\353.jpg,very_lame
very_lame\354.jpg,very_lame
very_lame\355.jpg,very_lame
very_lame\356.jpg,very_lame
very_lame\357.jpg,very_lame
very_lame\358.jpg,very_lame
very_lame\359.jpg,very_lame
very_lame\360.jpg,very_lame
very_lame\361.jpg,very_lame
very_lame\362.jpg,very_lame
very_lame\363.jpg,very_lame
very_lame\364.jpg,very_lame
very_lame\365.jpg,very_lame
very_lame\366.jpg,very_lame
very_lame\367.jpg,very_lame
very_lame\368.jpg,very_lame
very_lame\369.jpg,very_lame
very_lame\370.jpg,very_lame
very_lame\371.jpg,very_lame
very_lame\372.jpg,very_lame
very_lame\373.jpg,very_lame
very_lame\374.jpg,very_lame
very_lame\375.jpg,very_lame
very_lame\376.jpg,very_lame
very_lame\377.jpg,very_lame
very_lame\378.jpg,very_lame
very_lame\379.jpg,very_lame
very_lame\380.jpg,very_lame
very_lame\381.jpg,very_lame
very_lame\382.jpg,very_lame
very_lame\383.jpg,very_lame
very_lame\384.jpg,very_lame
very_lame\385.jpg,very_lame
very_lame\386.jpg,very_lame
very_lame\387.jpg,very_lame
very_lame\388.jpg,very_lame
very_lame\389.jpg,very_lame
very_lame\390.jpg,very_lame
very_lame\391.jpg,very_lame
very_lame\392.jpg,very_lame
very_lame\393.jpg,very_lame
very_lame\394.jpg,very_lame
very_lame\395.jpg,very_lame
very_lame\396.jpg,very_lame
very_lame\397.jpg,very_lame
very_lame\398.jpg,very_lame
very_lame\399.jpg,very_lame
very_lame\400.jpg,very_lame
very_lame\401.jpg,very_lame
very_lame\402.jpg,very_lame
very_lame\403.jpg,very_lame
very_lame\404.jpg,very_lame
very_lame\405.jpg,very_lame
very_lame\406.jpg,very_lame
very_lame\407.jpg,very_lame
very_lame\408.jpg,very_lame
very_lame\409.jpg,very_lame
very_lame\410.jpg,very_lame
very_lame\411.jpg,very_lame
very_lame\412.jpg,very_lame
very_lame\413.jpg,very_lame
very_lame\414.jpg,very_lame
very_lame\415.jpg,very_lame
very_lame\416.jpg,very_lame
very_lame\417.jpg,very_lame
very_lame\418.jpg,very_lame
very_lame\419.jpg,very_lame
very_lame\420.jpg,very_lame
very_lame\421.jpg,very_lame
very_lame\422.jpg,very_lame
very_lame\423.jpg,very_lame
very_lame\424.jpg,very_lame
very_lame\425.jpg,very_lame
very_lame\426.jpg,very_lame
very_lame\427.jpg,very_lame
very_lame\428.jpg,very_lame
very_lame\429.jpg,very_lame
very_lame\430.jpg,very_lame
very_lame\431.jpg,very_lame
very_lame\432.jpg,very_lame
very_lame\433.jpg,very_lame
very_lame\434.jpg,very_lame
very_lame\435.jpg,very_lame
very_lame\436.jpg,very_lame
very_lame\437.jpg,very_lame
very_lame\438.jpg,very_lame
very_lame\439.jpg,very_lame
very_lame\440.jpg,very_lame
very_lame\441.jpg,very_lame
very_lame\442.jpg,very_lame
very_lame\443.jpg,very_lame
very_lame\444.jpg,very_lame
very_lame\445.jpg,very_lame
very_lame\446.jpg,very_lame
very_lame\447.jpg,very_lame
very_lame\448.jpg,very_lame
very_lame\449.jpg,very_lame
very_lame\450.jpg,very_lame
very_lame\451.jpg,very_lame
very_lame\452.jpg,very_lame
very_lame\453.jpg,very_lame
very_lame\454.jpg,very_lame
very_lame\455.jpg,very_lame
very_lame\456.jpg,very_lame
very_lame\457.jpg,very_lame
very_lame\458.jpg,very_lame
very_lame\459.jpg,very_lame
very_lame\460.jpg,very_lame
very_lame\461.jpg,very_lame
very_lame\462.jpg,very_lame
very_lame\463.jpg,very_lame
very_lame\464.jpg,very_lame
very_lame\465.jpg,very_lame
very_lame\466.jpg,very_lame
very_lame\467.jpg,very_lame
very_lame\468.jpg,very_lame
very_lame\469.jpg,very_lame
very_lame\470.jpg,very_lame
very_lame\471.jpg,very_lame
very_lame\472.jpg,very_lame
very_lame\473.jpg,very_lame
very_lame\474.jpg,very_lame
very_lame\475.jpg,very_lame
very_lame\476.jpg,very_lame
very_lame\477.jpg,very_lame
very_lame\478.jpg,very_lame
very_lame\479.jpg,very_lame
very_lame\480.jpg,very_lame
very_lame\481.jpg,very_lame
very_lame\482.jpg,very_lame
very_lame\483.jpg,very_lame
very_lame\484.jpg,very_lame
very_lame\485.jpg,very_lame
very_lame\486.jpg,very_lame
very_lame\487.jpg,very_lame
very_lame\488.jpg,very_lame
very_lame\489.jpg,very_lame
very_lame\490.jpg,very_lame
very_lame\491.jpg,very_lame
very_lame\492.jpg,very_lame
very_lame\493.jpg,very_lame
very_lame\494.jpg,very_lame
very_lame\495.jpg,very_lame
very_lame\496.jpg,very_lame
very_lame\497.jpg,very_lame
very_lame\498.jpg,very_lame
very_lame\499.jpg,very_lame
very_lame\500.jpg,very_lame
very_lame\501.jpg,very_lame
very_lame\502.jpg,very_lame
very_lame\503.jpg,very_lame
very_lame\504.jpg,very_lame
very_lame\505.jpg,very_lame
very_lame\506.jpg,very_lame
very_lame\507.jpg,very_lame
very_lame\508.jpg,very_lame
very_lame\509.jpg,very_lame
very_lame\510.jpg,very_lame
very_lame\511.jpg,very_lame
very_lame\512.jpg,very_lame
very_lame\513.jpg,very_lame
very_lame\514.jpg,very_lame
very_lame\515.jpg,very_lame
very_lame\516.jpg,very_lame
very_lame\517.jpg,very_lame
very_lame\518.jpg,very_lame
very_lame\519.jpg,very_lame
very_lame\520.jpg,very_lame
very_lame\521.jpg,very_lame
very_lame\522.jpg,very_lame
very_lame\523.jpg,very_lame
very_lame\524.jpg,very_lame
very_lame\525.jpg,very_lame
very_lame\526.jpg,very_lame
very_lame\527.jpg,very_lame
very_lame\528.jpg,very_lame
very_lame\529.jpg,very_lame
very_lame\530.jpg,very_lame
very_lame\531.jpg,very_lame
very_lame\532.jpg,very_lame
very_lame\533.jpg,very_lame
very_lame\534.jpg,very_lame
very_lame\535.jpg,very_lame
very_lame\536.jpg,very_lame
very_lame\537.jpg,very_lame
very_lame\538.jpg,very_lame
very_lame\539.jpg,very_lame
very_lame\540.jpg,very_lame
very_lame\541.jpg,very_lame
very_lame\542.jpg,very_lame
very_lame\543.jpg,very_lame
very_lame\544.jpg,very_lame
very_lame\545.jpg,very_lame
very_lame\546.jpg,very_lame
very_lame\547.jpg,very_lame
very_lame\548.jpg,very_lame
very_lame\549.jpg,very_lame
very_lame\550.jpg,very_lame
very_lame\551.jpg,very_lame
very_lame\552.jpg,very_lame
very_lame\553.jpg,very_lame
very_lame\554.jpg,very_lame
very_lame\555.jpg,very_lame
very_lame\637.jpg,very_lame
very_lame\638.jpg,very_lame
very_lame\639.jpg,very_lame
very_lame\640.jpg,very_lame
very_lame\641.jpg,very_lame
very_lame\642.jpg,very_lame
very_lame\643.jpg,very_lame
very_lame\644.jpg,very_lame
very_lame\645.jpg,very_lame
very_lame\646.jpg,very_lame
very_lame\647.jpg,very_lame
very_lame\648.jpg,very_lame
very_lame\649.jpg,very_lame
very_lame\650.jpg,very_lame
very_lame\651.jpg,very_lame
very_lame\652.jpg,very_lame
very_lame\653.jpg,very_lame
very_lame\654.jpg,very_lame
very_lame\655.jpg,very_lame
very_lame\656.jpg,very_lame
very_lame\657.jpg,very_lame
very_lame\658.jpg,very_lame
very_lame\659.jpg,very_lame
very_lame\660.jpg,very_lame
very_lame\661.jpg,very_lame
very_lame\662.jpg,very_lame
very_lame\663.jpg,very_lame
very_lame\664.jpg,very_lame
very_lame\665.jpg,very_lame
very_lame\666.jpg,very_lame
very_lame\667.jpg,very_lame
very_lame\668.jpg,very_lame
very_lame\669.jpg,very_lame
very_lame\670.jpg,very_lame
very_lame\671.jpg,very_lame
very_lame\672.jpg,very_lame
very_lame\673.jpg,very_lame
very_lame\674.jpg,very_lame
very_lame\675.jpg,very_lame
very_lame\676.jpg,very_lame
very_lame\677.jpg,very_lame
very_lame\678.jpg,very_lame
very_lame\679.jpg,very_lame
very_lame\680.jpg,very_lame
very_lame\681.jpg,very_lame
very_lame\682.jpg,very_lame
very_lame\683.jpg,very_lame
very_lame\684.jpg,very_lame
very_lame\685.jpg,very_lame
very_lame\686.jpg,very_lame
very_lame\687.jpg,very_lame
very_lame\688.jpg,very_lame
very_lame\689.jpg,very_lame
very_lame\690.jpg,very_lame
very_lame\691.jpg,very_lame
very_lame\692.jpg,very_lame
very_lame\693.jpg,very_lame
very_lame\694.jpg,very_lame
very_lame\695.jpg,very_lame
very_lame\696.jpg,very_lame
very_lame\697.jpg,very_lame
very_lame\698.jpg,very_lame
very_lame\699.jpg,very_lame
very_lame\700.jpg,very_lame
very_lame\701.jpg,very_lame
very_lame\702.jpg,very_lame
very_lame\703.jpg,very_lame
very_lame\704.jpg,very_lame
very_lame\705.jpg,very_lame
very_lame\706.jpg,very_lame
very_lame\707.jpg,very_lame
very_lame\708.jpg,very_lame
very_lame\709.jpg,very_lame
very_lame\710.jpg,very_lame
very_lame\711.jpg,very_lame
very_lame\712.jpg,very_lame
very_lame\713.jpg,very_lame
very_lame\714.jpg,very_lame
very_lame\715.jpg,very_lame
very_lame\716.jpg,very_lame
very_lame\717.jpg,very_lame
very_lame\718.jpg,very_lame
very_lame\719.jpg,very_lame
very_lame\720.jpg,very_lame
very_lame\721.jpg,very_lame
very_lame\722.jpg,very_lame
very_lame\723.jpg,very_lame
very_lame\724.jpg,very_lame
very_lame\725.jpg,very_lame
very_lame\726.jpg,very_lame
very_lame\727.jpg,very_lame
very_lame\728.jpg,very_lame
very_lame\729.jpg,very_lame
very_lame\730.jpg,very_lame
very_lame\731.jpg,very_lame
very_lame\732.jpg,very_lame
very_lame\733.jpg,very_lame
very_lame\734.jpg,very_lame
very_lame\735.jpg,very_lame
very_lame\736.jpg,very_lame
very_lame\737.jpg,very_lame
very_lame\738.jpg,very_lame
very_lame\739.jpg,very_lame
very_lame\740.jpg,very_lame
very_lame\741.jpg,very_lame
very_lame\742.jpg,very_lame
very_lame\743.jpg,very_lame
very_lame\744.jpg,very_lame
very_lame\745.jpg,very_lame
very_lame\746.jpg,very_lame
very_lame\747.jpg,very_lame
very_lame\748.jpg,very_lame
very_lame\749.jpg,very_lame
very_lame\750.jpg,very_lame
very_lame\751.jpg,very_lame
very_lame\752.jpg,very_lame
very_lame\753.jpg,very_lame
very_lame\754.jpg,very_lame
very_lame\755.jpg,very_lame
very_lame\756.jpg,very_lame
very_lame\757.jpg,very_lame
very_lame\758.jpg,very_lame
very_lame\759.jpg,very_lame
very_lame\760.jpg,very_lame
very_lame\761.jpg,very_lame
very_lame\762.jpg,very_lame
very_lame\763.jpg,very_lame
very_lame\764.jpg,very_lame
very_lame\765.jpg,very_lame
very_lame\766.jpg,very_lame
very_lame\767.jpg,very_lame
very_lame\768.jpg,very_lame
very_lame\769.jpg,very_lame
very_lame\770.jpg,very_lame
very_lame\771.jpg,very_lame
very_lame\772.jpg,very_lame
very_lame\773.jpg,very_lame
very_lame\774.jpg,very_lame
very_lame\775.jpg,very_lame
very_lame\776.jpg,very_lame
very_lame\777.jpg,very_lame
very_lame\778.jpg,very_lame
very_lame\779.jpg,very_lame
very_lame\780.jpg,very_lame
very_lame\781.jpg,very_lame
very_lame\782.jpg,very_lame
very_lame\783.jpg,very_lame
very_lame\784.jpg,very_lame
very_lame\785.jpg,very_lame
very_lame\786.jpg,very_lame
very_lame\787.jpg,very_lame
very_lame\788.jpg,very_lame
very_lame\789.jpg,very_lame
very_lame\790.jpg,very_lame
very_lame\791.jpg,very_lame
very_lame\792.jpg,very_lame
very_lame\793.jpg,very_lame
very_lame\794.jpg,very_lame
very_lame\795.jpg,very_lame
very_lame\796.jpg,very_lame
very_lame\797.jpg,very_lame
very_lame\798.jpg,very_lame
very_lame\799.jpg,very_lame
very_lame\800.jpg,very_lame
very_lame\801.jpg,very_lame
very_lame\802.jpg,very_lame
very_lame\803.jpg,very_lame
very_lame\804.jpg,very_lame
very_lame\805.jpg,very_lame
very_lame\806.jpg,very_lame
very_lame\807.jpg,very_lame
very_lame\808.jpg,very_lame
very_lame\809.jpg,very_lame
very_lame\810.jpg,very_lame
very_lame\811.jpg,very_lame
very_lame\812.jpg,very_lame
very_lame\813.jpg,very_lame
very_lame\814.jpg,very_lame
very_lame\815.jpg,very_lame
very_lame\816.jpg,very_lame
very_lame\817.jpg,very_lame
very_lame\818.jpg,very_lame
very_lame\819.jpg,very_lame
very_lame\820.jpg,very_lame
very_lame\821.jpg,very_lame
very_lame\822.jpg,very_lame
very_lame\823.jpg,very_lame
very_lame\824.jpg,very_lame
very_lame\825.jpg,very_lame
very_lame\826.jpg,very_lame
very_lame\827.jpg,very_lame
very_lame\828.jpg,very_lame
very_lame\829.jpg,very_lame
very_lame\830.jpg,very_lame
very_lame\831.jpg,very_lame
very_lame\832.jpg,very_lame
very_lame\833.jpg,very_lame
very_lame\834.jpg,very_lame
very_lame\835.jpg,very_lame
very_lame\836.jpg,very_lame
very_lame\837.jpg,very_lame
very_lame\838.jpg,very_lame
very_lame\839.jpg,very_lame
very_lame\840.jpg,very_lame
very_lame\841.jpg,very_lame
very_lame\842.jpg,very_lame
very_lame\843.jpg,very_lame
very_lame\844.jpg,very_lame
very_lame\845.jpg,very_lame
very_lame\846.jpg,very_lame
very_lame\847.jpg,very_lame
very_lame\848.jpg,very_lame
very_lame\849.jpg,very_lame
very_lame\850.jpg,very_lame
very_lame\851.jpg,very_lame
very_lame\852.jpg,very_lame
very_lame\853.jpg,very_lame
very_lame\854.jpg,very_lame
very_lame\855.jpg,very_lame
very_lame\856.jpg,very_lame
very_lame\857.jpg,very_lame
very_lame\858.jpg,very_lame
very_lame\859.jpg,very_lame
very_lame\860.jpg,very_lame
very_lame\861.jpg,very_lame
very_lame\862.jpg,very_lame
very_lame\863.jpg,very_lame
very_lame\864.jpg,very_lame
very_lame\865.jpg,very_lame
very_lame\866.jpg,very_lame
very_lame\867.jpg,very_lame
very_lame\868.jpg,very_lame
very_lame\869.jpg,very_lame
very_lame\870.jpg,very_lame
very_lame\871.jpg,very_lame
very_lame\872.jpg,very_lame
very_lame\873.jpg,very_lame
very_lame\874.jpg,very_lame
very_lame\875.jpg,very_lame
very_lame\876.jpg,very_lame
very_lame\877.jpg,very_lame
very_lame\878.jpg,very_lame
very_lame\879.jpg,very_lame
very_lame\880.jpg,very_lame
very_lame\881.jpg,very_lame
very_lame\882.jpg,very_lame
very_lame\883.jpg,very_lame
very_lame\884.jpg,very_lame
very_lame\885.jpg,very_lame
very_lame\886.jpg,very_lame
very_lame\887.jpg,very_lame
very_lame\888.jpg,very_lame
very_lame\889.jpg,very_lame
very_lame\890.jpg,very_lame
very_lame\891.jpg,very_lame
very_lame\892.jpg,very_lame
very_lame\893.jpg,very_lame
very_lame\894.jpg,very_lame
very_lame\895.jpg,very_lame
very_lame\896.jpg,very_lame
very_lame\897.jpg,very_lame
very_lame\898.jpg,very_lame
very_lame\899.jpg,very_lame
very_lame\900.jpg,very_lame
very_lame\901.jpg,very_lame
very_lame\902.jpg,very_lame
very_lame\903.jpg,very_lame
very_lame\904.jpg,very_lame
very_lame\905.jpg,very_lame
very_lame\906.jpg,very_lame
very_lame\907.jpg,very_lame
very_lame\908.jpg,very_lame
very_lame\909.jpg,very_lame
very_lame\910.jpg,very_lame
very_lame\911.jpg,very_lame
very_lame\912.jpg,very_lame
very_lame\913.jpg,very_lame
very_lame\914.jpg,very_lame
very_lame\915.jpg,very_lame
very_lame\916.jpg,very_lame
very_lame\0.jpg,very_lame
very_lame\1.jpg,very_lame
very_lame\2.jpg,very_lame
very_lame\3.jpg,very_lame
very_lame\4.jpg,very_lame
very_lame\5.jpg,very_lame
very_lame\6.jpg,very_lame
very_lame\7.jpg,very_lame
very_lame\8.jpg,very_lame
very_lame\9.jpg,very_lame
very_lame\10.jpg,very_lame
very_lame\11.jpg,very_lame
very_lame\12.jpg,very_lame
very_lame\13.jpg,very_lame
very_lame\14.jpg,very_lame
very_lame\15.jpg,very_lame
very_lame\16.jpg,very_lame
very_lame\17.jpg,very_lame
very_lame\18.jpg,very_lame
very_lame\19.jpg,very_lame
very_lame\20.jpg,very_lame
very_lame\21.jpg,very_lame
very_lame\22.jpg,very_lame
very_lame\23.jpg,very_lame
very_lame\24.jpg,very_lame
very_lame\25.jpg,very_lame
very_lame\26.jpg,very_lame
very_lame\27.jpg,very_lame
very_lame\28.jpg,very_lame
very_lame\29.jpg,very_lame
very_lame\30.jpg,very_lame
very_lame\31.jpg,very_lame
very_lame\32.jpg,very_lame
very_lame\33.jpg,very_lame
very_lame\34.jpg,very_lame
very_lame\35.jpg,very_lame
very_lame\36.jpg,very_lame
very_lame\37.jpg,very_lame
very_lame\38.jpg,very_lame
very_lame\39.jpg,very_lame
very_lame\40.jpg,very_lame
very_lame\41.jpg,very_lame
very_lame\42.jpg,very_lame
very_lame\43.jpg,very_lame
very_lame\44.jpg,very_lame
very_lame\45.jpg,very_lame
very_lame\46.jpg,very_lame
very_lame\47.jpg,very_lame
very_lame\48.jpg,very_lame
very_lame\49.jpg,very_lame
very_lame\50.jpg,very_lame
very_lame\51.jpg,very_lame
very_lame\52.jpg,very_lame
very_lame\53.jpg,very_lame
very_lame\54.jpg,very_lame
very_lame\55.jpg,very_lame
very_lame\56.jpg,very_lame
very_lame\57.jpg,very_lame
very_lame\58.jpg,very_lame
very_lame\59.jpg,very_lame
very_lame\60.jpg,very_lame
very_lame\61.jpg,very_lame
very_lame\62.jpg,very_lame
very_lame\63.jpg,very_lame
very_lame\64.jpg,very_lame
very_lame\65.jpg,very_lame
very_lame\66.jpg,very_lame
very_lame\67.jpg,very_lame
very_lame\68.jpg,very_lame
very_lame\69.jpg,very_lame
very_lame\70.jpg,very_lame
very_lame\71.jpg,very_lame
very_lame\72.jpg,very_lame
very_lame\73.jpg,very_lame
very_lame\74.jpg,very_lame
very_lame\75.jpg,very_lame
very_lame\76.jpg,very_lame
very_lame\77.jpg,very_lame
very_lame\78.jpg,very_lame
very_lame\79.jpg,very_lame
very_lame\80.jpg,very_lame
very_lame\81.jpg,very_lame
very_lame\82.jpg,very_lame
very_lame\83.jpg,very_lame
very_lame\84.jpg,very_lame
very_lame\85.jpg,very_lame
very_lame\86.jpg,very_lame
very_lame\87.jpg,very_lame
very_lame\88.jpg,very_lame
very_lame\89.jpg,very_lame
very_lame\90.jpg,very_lame
very_lame\91.jpg,very_lame
very_lame\92.jpg,very_lame
very_lame\93.jpg,very_lame
very_lame\94.jpg,very_lame
very_lame\95.jpg,very_lame
very_lame\96.jpg,very_lame
very_lame\97.jpg,very_lame
very_lame\98.jpg,very_lame
very_lame\99.jpg,very_lame
very_lame\100.jpg,very_lame
very_lame\101.jpg,very_lame
very_lame\102.jpg,very_lame
very_lame\103.jpg,very_lame
very_lame\104.jpg,very_lame
very_lame\105.jpg,very_lame
very_lame\106.jpg,very_lame
very_lame\107.jpg,very_lame
very_lame\108.jpg,very_lame
very_lame\109.jpg,very_lame
very_lame\110.jpg,very_lame
very_lame\111.jpg,very_lame
very_lame\112.jpg,very_lame
very_lame\113.jpg,very_lame
very_lame\114.jpg,very_lame
very_lame\115.jpg,very_lame
very_lame\116.jpg,very_lame
very_lame\117.jpg,very_lame
very_lame\118.jpg,very_lame
very_lame\119.jpg,very_lame
very_lame\120.jpg,very_lame
very_lame\121.jpg,very_lame
very_lame\122.jpg,very_lame
very_lame\123.jpg,very_lame
very_lame\124.jpg,very_lame
very_lame\125.jpg,very_lame
very_lame\126.jpg,very_lame
very_lame\127.jpg,very_lame
very_lame\128.jpg,very_lame
very_lame\129.jpg,very_lame
very_lame\130.jpg,very_lame
very_lame\131.jpg,very_lame
very_lame\132.jpg,very_lame
very_lame\133.jpg,very_lame
very_lame\134.jpg,very_lame
very_lame\135.jpg,very_lame
very_lame\136.jpg,very_lame
very_lame\137.jpg,very_lame
very_lame\138.jpg,very_lame
very_lame\139.jpg,very_lame
very_lame\140.jpg,very_lame
very_lame\141.jpg,very_lame
very_lame\142.jpg,very_lame
very_lame\143.jpg,very_lame
very_lame\144.jpg,very_lame
very_lame\145.jpg,very_lame
very_lame\146.jpg,very_lame
very_lame\147.jpg,very_lame
very_lame\148.jpg,very_lame
very_lame\149.jpg,very_lame
very_lame\150.jpg,very_lame
very_lame\151.jpg,very_lame
very_lame\152.jpg,very_lame
very_lame\153.jpg,very_lame
very_lame\154.jpg,very_lame
very_lame\155.jpg,very_lame
very_lame\156.jpg,very_lame
very_lame\157.jpg,very_lame
very_lame\158.jpg,very_lame
very_lame\159.jpg,very_lame
very_lame\160.jpg,very_lame
very_lame\161.jpg,very_lame
very_lame\162.jpg,very_lame
very_lame\163.jpg,very_lame
very_lame\164.jpg,very_lame
very_lame\165.jpg,very_lame
very_lame\166.jpg,very_lame
very_lame\167.jpg,very_lame
very_lame\168.jpg,very_lame
very_lame\169.jpg,very_lame
very_lame\170.jpg,very_lame
very_lame\171.jpg,very_lame
very_lame\172.jpg,very_lame
very_lame\173.jpg,very_lame
very_lame\174.jpg,very_lame
very_lame\175.jpg,very_lame
very_lame\176.jpg,very_lame
very_lame\177.jpg,very_lame
very_lame\178.jpg,very_lame
very_lame\179.jpg,very_lame
very_lame\180.jpg,very_lame
very_lame\181.jpg,very_lame
very_lame\182.jpg,very_lame
very_lame\183.jpg,very_lame
very_lame\184.jpg,very_lame
very_lame\185.jpg,very_lame
very_lame\186.jpg,very_lame
very_lame\187.jpg,very_lame
very_lame\188.jpg,very_lame
very_lame\189.jpg,very_lame
very_lame\190.jpg,very_lame
very_lame\191.jpg,very_lame
very_lame\192.jpg,very_lame
very_lame\193.jpg,very_lame
very_lame\194.jpg,very_lame
very_lame\195.jpg,very_lame
very_lame\196.jpg,very_lame
very_lame\197.jpg,very_lame
very_lame\198.jpg,very_lame
very_lame\199.jpg,very_lame
very_lame\200.jpg,very_lame
very_lame\201.jpg,very_lame
very_lame\202.jpg,very_lame
very_lame\203.jpg,very_lame
very_lame\204.jpg,very_lame
very_lame\205.jpg,very_lame
very_lame\206.jpg,very_lame
very_lame\207.jpg,very_lame
very_lame\208.jpg,very_lame
very_lame\209.jpg,very_lame
very_lame\210.jpg,very_lame
very_lame\211.jpg,very_lame
very_lame\212.jpg,very_lame
very_lame\213.jpg,very_lame
very_lame\214.jpg,very_lame
very_lame\215.jpg,very_lame
very_lame\216.jpg,very_lame
very_lame\217.jpg,very_lame
very_lame\218.jpg,very_lame
very_lame\219.jpg,very_lame
very_lame\220.jpg,very_lame
very_lame\221.jpg,very_lame
very_lame\222.jpg,very_lame
very_lame\223.jpg,very_lame
very_lame\224.jpg,very_lame
very_lame\225.jpg,very_lame
very_lame\226.jpg,very_lame
very_lame\227.jpg,very_lame
very_lame\228.jpg,very_lame
very_lame\229.jpg,very_lame
very_lame\230.jpg,very_lame
very_lame\231.jpg,very_lame
very_lame\232.jpg,very_lame
very_lame\233.jpg,very_lame
very_lame\234.jpg,very_lame
very_lame\235.jpg,very_lame
very_lame\236.jpg,very_lame
very_lame\237.jpg,very_lame
very_lame\238.jpg,very_lame
very_lame\239.jpg,very_lame
very_lame\240.jpg,very_lame
very_lame\241.jpg,very_lame
very_lame\242.jpg,very_lame
very_lame\243.jpg,very_lame
very_lame\244.jpg,very_lame
very_lame\245.jpg,very_lame
very_lame\246.jpg,very_lame
very_lame\247.jpg,very_lame
very_lame\248.jpg,very_lame
very_lame\249.jpg,very_lame
very_lame\250.jpg,very_lame
very_lame\251.jpg,very_lame
very_lame\252.jpg,very_lame
very_lame\253.jpg,very_lame
very_lame\254.jpg,very_lame
very_lame\255.jpg,very_lame
very_lame\256.jpg,very_lame
very_lame\257.jpg,very_lame
very_lame\258.jpg,very_lame
very_lame\259.jpg,very_lame
very_lame\260.jpg,very_lame
very_lame\261.jpg,very_lame
very_lame\262.jpg,very_lame
very_lame\263.jpg,very_lame
very_lame\264.jpg,very_lame
very_lame\265.jpg,very_lame
very_lame\266.jpg,very_lame
very_lame\267.jpg,very_lame
very_lame\268.jpg,very_lame
very_lame\269.jpg,very_lame
very_lame\270.jpg,very_lame
very_lame\271.jpg,very_lame
very_lame\272.jpg,very_lame
very_lame\273.jpg,very_lame
very_lame\274.jpg,very_lame
very_lame\275.jpg,very_lame
very_lame\276.jpg,very_lame
very_lame\277.jpg,very_lame
very_lame\278.jpg,very_lame
very_lame\279.jpg,very_lame
very_lame\280.jpg,very_lame
very_lame\281.jpg,very_lame
very_lame\282.jpg,very_lame
very_lame\283.jpg,very_lame
very_lame\284.jpg,very_lame
very_lame\285.jpg,very_lame
very_lame\286.jpg,very_lame
very_lame\287.jpg,very_lame
very_lame\288.jpg,very_lame
very_lame\289.jpg,very_lame
very_lame\290.jpg,very_lame
very_lame\291.jpg,very_lame
very_lame\292.jpg,very_lame
very_lame\293.jpg,very_lame
very_lame\294.jpg,very_lame
very_lame\295.jpg,very_lame
very_lame\296.jpg,very_lame
very_lame\297.jpg,very_lame
very_lame\298.jpg,very_lame
very_lame\299.jpg,very_lame
very_lame\300.jpg,very_lame
very_lame\301.jpg,very_lame
very_lame\302.jpg,very_lame
very_lame\303.jpg,very_lame
very_lame\304.jpg,very_lame
very_lame\305.jpg,very_lame
very_lame\306.jpg,very_lame
very_lame\307.jpg,very_lame
very_lame\308.jpg,very_lame
very_lame\309.jpg,very_lame
very_lame\310.jpg,very_lame
very_lame\311.jpg,very_lame
very_lame\312.jpg,very_lame
very_lame\313.jpg,very_lame
very_lame\314.jpg,very_lame
very_lame\315.jpg,very_lame
very_lame\316.jpg,very_lame
very_lame\317.jpg,very_lame
very_lame\318.jpg,very_lame
very_lame\319.jpg,very_lame
very_lame\320.jpg,very_lame
very_lame\321.jpg,very_lame
very_lame\322.jpg,very_lame
very_lame\323.jpg,very_lame
very_lame\324.jpg,very_lame
very_lame\325.jpg,very_lame
very_lame\326.jpg,very_lame
very_lame\327.jpg,very_lame
very_lame\328.jpg,very_lame
very_lame\329.jpg,very_lame
very_lame\330.jpg,very_lame
very_lame\331.jpg,very_lame
very_lame\332.jpg,very_lame
very_lame\333.jpg,very_lame
very_lame\334.jpg,very_lame
very_lame\335.jpg,very_lame
very_lame\336.jpg,very_lame
very_lame\337.jpg,very_lame
very_lame\338.jpg,very_lame
very_lame\339.jpg,very_lame
very_lame\340.jpg,very_lame
very_lame\341.jpg,very_lame
very_lame\342.jpg,very_lame
very_lame\343.jpg,very_lame
very_lame\344.jpg,very_lame
very_lame\345.jpg,very_lame
very_lame\346.jpg,very_lame
very_lame\347.jpg,very_lame
very_lame\348.jpg,very_lame
very_lame\349.jpg,very_lame
very_lame\350.jpg,very_lame
very_lame\351.jpg,very_lame
very_lame\352.jpg,very_lame
very_lame\353.jpg,very_lame
very_lame\354.jpg,very_lame
very_lame\355.jpg,very_lame
very_lame\356.jpg,very_lame
very_lame\357.jpg,very_lame
very_lame\358.jpg,very_lame
very_lame\359.jpg,very_lame
very_lame\360.jpg,very_lame
very_lame\361.jpg,very_lame
very_lame\362.jpg,very_lame
very_lame\363.jpg,very_lame
very_lame\364.jpg,very_lame
very_lame\365.jpg,very_lame
very_lame\366.jpg,very_lame
very_lame\367.jpg,very_lame
very_lame\368.jpg,very_lame
very_lame\369.jpg,very_lame
very_lame\370.jpg,very_lame
very_lame\371.jpg,very_lame
very_lame\372.jpg,very_lame
very_lame\373.jpg,very_lame
very_lame\374.jpg,very_lame
very_lame\375.jpg,very_lame
very_lame\376.jpg,very_lame
very_lame\377.jpg,very_lame
very_lame\378.jpg,very_lame
very_lame\379.jpg,very_lame
very_lame\380.jpg,very_lame
very_lame\381.jpg,very_lame
very_lame\382.jpg,very_lame
very_lame\383.jpg,very_lame
very_lame\384.jpg,very_lame
very_lame\385.jpg,very_lame
very_lame\386.jpg,very_lame
very_lame\387.jpg,very_lame
very_lame\388.jpg,very_lame
very_lame\389.jpg,very_lame
very_lame\390.jpg,very_lame
very_lame\391.jpg,very_lame
very_lame\392.jpg,very_lame
very_lame\393.jpg,very_lame
very_lame\394.jpg,very_lame
very_lame\395.jpg,very_lame
very_lame\396.jpg,very_lame
very_lame\397.jpg,very_lame
very_lame\398.jpg,very_lame
very_lame\399.jpg,very_lame
very_lame\400.jpg,very_lame
very_lame\401.jpg,very_lame
very_lame\402.jpg,very_lame
very_lame\403.jpg,very_lame
very_lame\404.jpg,very_lame
very_lame\405.jpg,very_lame
very_lame\406.jpg,very_lame
very_lame\407.jpg,very_lame
very_lame\408.jpg,very_lame
very_lame\409.jpg,very_lame
very_lame\410.jpg,very_lame
very_lame\411.jpg,very_lame
very_lame\412.jpg,very_lame
very_lame\413.jpg,very_lame
very_lame\414.jpg,very_lame
very_lame\415.jpg,very_lame
very_lame\416.jpg,very_lame
very_lame\417.jpg,very_lame
very_lame\418.jpg,very_lame
very_lame\419.jpg,very_lame
very_lame\420.jpg,very_lame
very_lame\421.jpg,very_lame
very_lame\422.jpg,very_lame
very_lame\423.jpg,very_lame
very_lame\424.jpg,very_lame
very_lame\425.jpg,very_lame
very_lame\426.jpg,very_lame
very_lame\427.jpg,very_lame
very_lame\428.jpg,very_lame
very_lame\429.jpg,very_lame
very_lame\430.jpg,very_lame
very_lame\431.jpg,very_lame
very_lame\432.jpg,very_lame
very_lame\433.jpg,very_lame
very_lame\434.jpg,very_lame
very_lame\435.jpg,very_lame
very_lame\436.jpg,very_lame
very_lame\437.jpg,very_lame
very_lame\438.jpg,very_lame
very_lame\439.jpg,very_lame
very_lame\440.jpg,very_lame
very_lame\441.jpg,very_lame
very_lame\442.jpg,very_lame
very_lame\443.jpg,very_lame
very_lame\444.jpg,very_lame
very_lame\445.jpg,very_lame
very_lame\446.jpg,very_lame
very_lame\447.jpg,very_lame
very_lame\448.jpg,very_lame
very_lame\449.jpg,very_lame
very_lame\450.jpg,very_lame
very_lame\451.jpg,very_lame
very_lame\452.jpg,very_lame
very_lame\453.jpg,very_lame
very_lame\454.jpg,very_lame
very_lame\455.jpg,very_lame
very_lame\456.jpg,very_lame
very_lame\457.jpg,very_lame
very_lame\458.jpg,very_lame
very_lame\459.jpg,very_lame
very_lame\460.jpg,very_lame
very_lame\461.jpg,very_lame
very_lame\462.jpg,very_lame
very_lame\463.jpg,very_lame
very_lame\464.jpg,very_lame
very_lame\465.jpg,very_lame
very_lame\466.jpg,very_lame
very_lame\467.jpg,very_lame
very_lame\468.jpg,very_lame
very_lame\469.jpg,very_lame
very_lame\470.jpg,very_lame
very_lame\471.jpg,very_lame
very_lame\472.jpg,very_lame
very_lame\473.jpg,very_lame
very_lame\474.jpg,very_lame
very_lame\475.jpg,very_lame
very_lame\476.jpg,very_lame
very_lame\477.jpg,very_lame
very_lame\478.jpg,very_lame
very_lame\479.jpg,very_lame
very_lame\480.jpg,very_lame
very_lame\481.jpg,very_lame
very_lame\482.jpg,very_lame
very_lame\483.jpg,very_lame
very_lame\484.jpg,very_lame
very_lame\485.jpg,very_lame
very_lame\486.jpg,very_lame
very_lame\487.jpg,very_lame
very_lame\488.jpg,very_lame
very_lame\489.jpg,very_lame
very_lame\490.jpg,very_lame
very_lame\491.jpg,very_lame
very_lame\492.jpg,very_lame
very_lame\493.jpg,very_lame
very_lame\494.jpg,very_lame
very_lame\495.jpg,very_lame
very_lame\496.jpg,very_lame
very_lame\497.jpg,very_lame
very_lame\498.jpg,very_lame
very_lame\499.jpg,very_lame
very_lame\500.jpg,very_lame
very_lame\501.jpg,very_lame
very_lame\502.jpg,very_lame
very_lame\503.jpg,very_lame
very_lame\504.jpg,very_lame
very_lame\505.jpg,very_lame
very_lame\506.jpg,very_lame
very_lame\507.jpg,very_lame
very_lame\508.jpg,very_lame
very_lame\509.jpg,very_lame
very_lame\510.jpg,very_lame
very_lame\511.jpg,very_lame
very_lame\512.jpg,very_lame
very_lame\513.jpg,very_lame
very_lame\514.jpg,very_lame
very_lame\515.jpg,very_lame
very_lame\516.jpg,very_lame
very_lame\517.jpg,very_lame
very_lame\518.jpg,very_lame
very_lame\519.jpg,very_lame
very_lame\520.jpg,very_lame
very_lame\521.jpg,very_lame
very_lame\522.jpg,very_lame
very_lame\523.jpg,very_lame
very_lame\524.jpg,very_lame
very_lame\525.jpg,very_lame
very_lame\526.jpg,very_lame
very_lame\527.jpg,very_lame
very_lame\528.jpg,very_lame
very_lame\529.jpg,very_lame
very_lame\530.jpg,very_lame
very_lame\531.jpg,very_lame
very_lame\532.jpg,very_lame
very_lame\533.jpg,very_lame
very_lame\534.jpg,very_lame
very_lame\535.jpg,very_lame
very_lame\536.jpg,very_lame
very_lame\537.jpg,very_lame
very_lame\538.jpg,very_lame
very_lame\539.jpg,very_lame
very_lame\540.jpg,very_lame
very_lame\541.jpg,very_lame
very_lame\542.jpg,very_lame
very_lame\543.jpg,very_lame
very_lame\544.jpg,very_lame
very_lame\545.jpg,very_lame
very_lame\546.jpg,very_lame
very_lame\547.jpg,very_lame
very_lame\548.jpg,very_lame
very_lame\549.jpg,very_lame
very_lame\550.jpg,very_lame
very_lame\551.jpg,very_lame
very_lame\552.jpg,very_lame
very_lame\553.jpg,very_lame
very_lame\554.jpg,very_lame
very_lame\555.jpg,very_lame
very_lame\637.jpg,very_lame
very_lame\638.jpg,very_lame
very_lame\639.jpg,very_lame
very_lame\640.jpg,very_lame
very_lame\641.jpg,very_lame
very_lame\642.jpg,very_lame
very_lame\643.jpg,very_lame
very_lame\644.jpg,very_lame
very_lame\645.jpg,very_lame
very_lame\646.jpg,very_lame
very_lame\647.jpg,very_lame
very_lame\648.jpg,very_lame
very_lame\649.jpg,very_lame
very_lame\650.jpg,very_lame
very_lame\651.jpg,very_lame
very_lame\652.jpg,very_lame
very_lame\653.jpg,very_lame
very_lame\654.jpg,very_lame
very_lame\655.jpg,very_lame
very_lame\656.jpg,very_lame
very_lame\657.jpg,very_lame
very_lame\658.jpg,very_lame
very_lame\659.jpg,very_lame
very_lame\660.jpg,very_lame
very_lame\661.jpg,very_lame
very_lame\662.jpg,very_lame
very_lame\663.jpg,very_lame
very_lame\664.jpg,very_lame
very_lame\665.jpg,very_lame
very_lame\666.jpg,very_lame
very_lame\667.jpg,very_lame
very_lame\668.jpg,very_lame
very_lame\669.jpg,very_lame
very_lame\670.jpg,very_lame
very_lame\671.jpg,very_lame
very_lame\672.jpg,very_lame
very_lame\673.jpg,very_lame
very_lame\674.jpg,very_lame
very_lame\675.jpg,very_lame
very_lame\676.jpg,very_lame
very_lame\677.jpg,very_lame
very_lame\678.jpg,very_lame
very_lame\679.jpg,very_lame
very_lame\680.jpg,very_lame
very_lame\681.jpg,very_lame
very_lame\682.jpg,very_lame
very_lame\683.jpg,very_lame
very_lame\684.jpg,very_lame
very_lame\685.jpg,very_lame
very_lame\686.jpg,very_lame
very_lame\687.jpg,very_lame
very_lame\688.jpg,very_lame
very_lame\689.jpg,very_lame
very_lame\690.jpg,very_lame
very_lame\691.jpg,very_lame
very_lame\692.jpg,very_lame
very_lame\693.jpg,very_lame
very_lame\694.jpg,very_lame
very_lame\695.jpg,very_lame
very_lame\696.jpg,very_lame
very_lame\697.jpg,very_lame
very_lame\698.jpg,very_lame
very_lame\699.jpg,very_lame
very_lame\700.jpg,very_lame
very_lame\701.jpg,very_lame
very_lame\702.jpg,very_lame
very_lame\703.jpg,very_lame
very_lame\704.jpg,very_lame
very_lame\705.jpg,very_lame
very_lame\706.jpg,very_lame
very_lame\707.jpg,very_lame
very_lame\708.jpg,very_lame
very_lame\709.jpg,very_lame
very_lame\710.jpg,very_lame
very_lame\711.jpg,very_lame
very_lame\712.jpg,very_lame
very_lame\713.jpg,very_lame
very_lame\714.jpg,very_lame
very_lame\715.jpg,very_lame
very_lame\716.jpg,very_lame
very_lame\717.jpg,very_lame
very_lame\718.jpg,very_lame
very_lame\719.jpg,very_lame
very_lame\720.jpg,very_lame
very_lame\721.jpg,very_lame
very_lame\722.jpg,very_lame
very_lame\723.jpg,very_lame
very_lame\724.jpg,very_lame
very_lame\725.jpg,very_lame
very_lame\726.jpg,very_lame
very_lame\727.jpg,very_lame
very_lame\728.jpg,very_lame
very_lame\729.jpg,very_lame
very_lame\730.jpg,very_lame
very_lame\731.jpg,very_lame
very_lame\732.jpg,very_lame
very_lame\733.jpg,very_lame
very_lame\734.jpg,very_lame
very_lame\735.jpg,very_lame
very_lame\736.jpg,very_lame
very_lame\737.jpg,very_lame
very_lame\738.jpg,very_lame
very_lame\739.jpg,very_lame
very_lame\740.jpg,very_lame
very_lame\741.jpg,very_lame
very_lame\742.jpg,very_lame
very_lame\743.jpg,very_lame
very_lame\744.jpg,very_lame
very_lame\745.jpg,very_lame
very_lame\746.jpg,very_lame
very_lame\747.jpg,very_lame
very_lame\748.jpg,very_lame
very_lame\749.jpg,very_lame
very_lame\750.jpg,very_lame
very_lame\751.jpg,very_lame
very_lame\752.jpg,very_lame
very_lame\753.jpg,very_lame
very_lame\754.jpg,very_lame
very_lame\755.jpg,very_lame
very_lame\756.jpg,very_lame
very_lame\757.jpg,very_lame
very_lame\758.jpg,very_lame
very_lame\759.jpg,very_lame
very_lame\760.jpg,very_lame
very_lame\761.jpg,very_lame
very_lame\762.jpg,very_lame
very_lame\763.jpg,very_lame
very_lame\764.jpg,very_lame
very_lame\765.jpg,very_lame
very_lame\766.jpg,very_lame
very_lame\767.jpg,very_lame
very_lame\768.jpg,very_lame
very_lame\769.jpg,very_lame
very_lame\770.jpg,very_lame
very_lame\771.jpg,very_lame
very_lame\772.jpg,very_lame
very_lame\773.jpg,very_lame
very_lame\774.jpg,very_lame
very_lame\775.jpg,very_lame
very_lame\776.jpg,very_lame
very_lame\777.jpg,very_lame
very_lame\778.jpg,very_lame
very_lame\779.jpg,very_lame
very_lame\780.jpg,very_lame
very_lame\781.jpg,very_lame
very_lame\782.jpg,very_lame
very_lame\783.jpg,very_lame
very_lame\784.jpg,very_lame
very_lame\785.jpg,very_lame
very_lame\786.jpg,very_lame
very_lame\787.jpg,very_lame
very_lame\788.jpg,very_lame
very_lame\789.jpg,very_lame
very_lame\790.jpg,very_lame
very_lame\791.jpg,very_lame
very_lame\792.jpg,very_lame
very_lame\793.jpg,very_lame
very_lame\794.jpg,very_lame
very_lame\795.jpg,very_lame
very_lame\796.jpg,very_lame
very_lame\797.jpg,very_lame
very_lame\798.jpg,very_lame
very_lame\799.jpg,very_lame
very_lame\800.jpg,very_lame
very_lame\801.jpg,very_lame
very_lame\802.jpg,very_lame
very_lame\803.jpg,very_lame
very_lame\804.jpg,very_lame
very_lame\805.jpg,very_lame
very_lame\806.jpg,very_lame
very_lame\807.jpg,very_lame
very_lame\808.jpg,very_lame
very_lame\809.jpg,very_lame
very_lame\810.jpg,very_lame
very_lame\811.jpg,very_lame
very_lame\812.jpg,very_lame
very_lame\813.jpg,very_lame
very_lame\814.jpg,very_lame
very_lame\815.jpg,very_lame
very_lame\816.jpg,very_lame
very_lame\817.jpg,very_lame
very_lame\818.jpg,very_lame
very_lame\819.jpg,very_lame
very_lame\820.jpg,very_lame
very_lame\821.jpg,very_lame
very_lame\822.jpg,very_lame
very_lame\823.jpg,very_lame
very_lame\824.jpg,very_lame
very_lame\825.jpg,very_lame
very_lame\826.jpg,very_lame
very_lame\827.jpg,very_lame
very_lame\828.jpg,very_lame
very_lame\829.jpg,very_lame
very_lame\830.jpg,very_lame
very_lame\831.jpg,very_lame
very_lame\832.jpg,very_lame
very_lame\833.jpg,very_lame
very_lame\834.jpg,very_lame
very_lame\835.jpg,very_lame
very_lame\836.jpg,very_lame
very_lame\837.jpg,very_lame
very_lame\838.jpg,very_lame
very_lame\839.jpg,very_lame
very_lame\840.jpg,very_lame
very_lame\841.jpg,very_lame
very_lame\842.jpg,very_lame
very_lame\843.jpg,very_lame
very_lame\844.jpg,very_lame
very_lame\845.jpg,very_lame
very_lame\846.jpg,very_lame
very_lame\847.jpg,very_lame
very_lame\848.jpg,very_lame
very_lame\849.jpg,very_lame
very_lame\850.jpg,very_lame
very_lame\851.jpg,very_lame
very_lame\852.jpg,very_lame
very_lame\853.jpg,very_lame
very_lame\854.jpg,very_lame
very_lame\855.jpg,very_lame
very_lame\856.jpg,very_lame
very_lame\857.jpg,very_lame
very_lame\858.jpg,very_lame
very_lame\859.jpg,very_lame
very_lame\860.jpg,very_lame
very_lame\861.jpg,very_lame
very_lame\862.jpg,very_lame
very_lame\863.jpg,very_lame
very_lame\864.jpg,very_lame
very_lame\865.jpg,very_lame
very_lame\866.jpg,very_lame
very_lame\867.jpg,very_lame
very_lame\868.jpg,very_lame
very_lame\869.jpg,very_lame
very_lame\870.jpg,very_lame
very_lame\871.jpg,very_lame
very_lame\872.jpg,very_lame
very_lame\873.jpg,very_lame
very_lame\874.jpg,very_lame
very_lame\875.jpg,very_lame
very_lame\876.jpg,very_lame
very_lame\877.jpg,very_lame
very_lame\878.jpg,very_lame
very_lame\879.jpg,very_lame
very_lame\880.jpg,very_lame
very_lame\881.jpg,very_lame
very_lame\882.jpg,very_lame
very_lame\883.jpg,very_lame
very_lame\884.jpg,very_lame
very_lame\885.jpg,very_lame
very_lame\886.jpg,very_lame
very_lame\887.jpg,very_lame
very_lame\888.jpg,very_lame
very_lame\889.jpg,very_lame
very_lame\890.jpg,very_lame
very_lame\891.jpg,very_lame
very_lame\892.jpg,very_lame
very_lame\893.jpg,very_lame
very_lame\894.jpg,very_lame
very_lame\895.jpg,very_lame
very_lame\896.jpg,very_lame
very_lame\897.jpg,very_lame
very_lame\898.jpg,very_lame
very_lame\899.jpg,very_lame
very_lame\900.jpg,very_lame
very_lame\901.jpg,very_lame
very_lame\902.jpg,very_lame
very_lame\903.jpg,very_lame
very_lame\904.jpg,very_lame
very_lame\905.jpg,very_lame
very_lame\906.jpg,very_lame
very_lame\907.jpg,very_lame
very_lame\908.jpg,very_lame
very_lame\909.jpg,very_lame
very_lame\910.jpg,very_lame
very_lame\911.jpg,very_lame
very_lame\912.jpg,very_lame
very_lame\913.jpg,very_lame
very_lame\914.jpg,very_lame
very_lame\915.jpg,very_lame
very_lame\916.jpg,very_lame
very_lame\0.jpg,very_lame
very_lame\1.jpg,very_lame
very_lame\2.jpg,very_lame
very_lame\3.jpg,very_lame
very_lame\4.jpg,very_lame
very_lame\5.jpg,very_lame
very_lame\6.jpg,very_lame
very_lame\7.jpg,very_lame
very_lame\8.jpg,very_lame
very_lame\9.jpg,very_lame
very_lame\10.jpg,very_lame
very_lame\11.jpg,very_lame
very_lame\12.jpg,very_lame
very_lame\13.jpg,very_lame
very_lame\14.jpg,very_lame
very_lame\15.jpg,very_lame
very_lame\16.jpg,very_lame
very_lame\17.jpg,very_lame
very_lame\18.jpg,very_lame
very_lame\19.jpg,very_lame
very_lame\20.jpg,very_lame
very_lame\21.jpg,very_lame
very_lame\22.jpg,very_lame
very_lame\23.jpg,very_lame
very_lame\24.jpg,very_lame
very_lame\25.jpg,very_lame
very_lame\26.jpg,very_lame
very_lame\27.jpg,very_lame
very_lame\28.jpg,very_lame
very_lame\29.jpg,very_lame
very_lame\30.jpg,very_lame
very_lame\31.jpg,very_lame
very_lame\32.jpg,very_lame
very_lame\33.jpg,very_lame
very_lame\34.jpg,very_lame
very_lame\35.jpg,very_lame
very_lame\36.jpg,very_lame
very_lame\37.jpg,very_lame
very_lame\38.jpg,very_lame
very_lame\39.jpg,very_lame
very_lame\40.jpg,very_lame
very_lame\41.jpg,very_lame
very_lame\42.jpg,very_lame
very_lame\43.jpg,very_lame
very_lame\44.jpg,very_lame
very_lame\45.jpg,very_lame
very_lame\46.jpg,very_lame
very_lame\47.jpg,very_lame
very_lame\48.jpg,very_lame
very_lame\49.jpg,very_lame
very_lame\50.jpg,very_lame
very_lame\51.jpg,very_lame
very_lame\52.jpg,very_lame
very_lame\53.jpg,very_lame
very_lame\54.jpg,very_lame
very_lame\55.jpg,very_lame
very_lame\56.jpg,very_lame
very_lame\57.jpg,very_lame
very_lame\58.jpg,very_lame
very_lame\59.jpg,very_lame
very_lame\60.jpg,very_lame
very_lame\61.jpg,very_lame
very_lame\62.jpg,very_lame
very_lame\63.jpg,very_lame
very_lame\64.jpg,very_lame
very_lame\65.jpg,very_lame
very_lame\66.jpg,very_lame
very_lame\67.jpg,very_lame
very_lame\68.jpg,very_lame
very_lame\69.jpg,very_lame
very_lame\70.jpg,very_lame
very_lame\71.jpg,very_lame
very_lame\72.jpg,very_lame
very_lame\73.jpg,very_lame
very_lame\74.jpg,very_lame
very_lame\75.jpg,very_lame
very_lame\76.jpg,very_lame
very_lame\77.jpg,very_lame
very_lame\78.jpg,very_lame
very_lame\79.jpg,very_lame
very_lame\80.jpg,very_lame
very_lame\81.jpg,very_lame
very_lame\82.jpg,very_lame
very_lame\83.jpg,very_lame
very_lame\84.jpg,very_lame
very_lame\85.jpg,very_lame
very_lame\86.jpg,very_lame
very_lame\87.jpg,very_lame
very_lame\88.jpg,very_lame
very_lame\89.jpg,very_lame
very_lame\90.jpg,very_lame
very_lame\91.jpg,very_lame
very_lame\92.jpg,very_lame
very_lame\93.jpg,very_lame
very_lame\94.jpg,very_lame
very_lame\95.jpg,very_lame
very_lame\96.jpg,very_lame
very_lame\97.jpg,very_lame
very_lame\98.jpg,very_lame
very_lame\99.jpg,very_lame
very_lame\100.jpg,very_lame
very_lame\101.jpg,very_lame
very_lame\102.jpg,very_lame
very_lame\103.jpg,very_lame
very_lame\104.jpg,very_lame
very_lame\105.jpg,very_lame
very_lame\106.jpg,very_lame
very_lame\107.jpg,very_lame
very_lame\108.jpg,very_lame
very_lame\109.jpg,very_lame
very_lame\110.jpg,very_lame
very_lame\111.jpg,very_lame
very_lame\112.jpg,very_lame
very_lame\113.jpg,very_lame
very_lame\114.jpg,very_lame
very_lame\115.jpg,very_lame
very_lame\116.jpg,very_lame
very_lame\117.jpg,very_lame
very_lame\118.jpg,very_lame
very_lame\119.jpg,very_lame
very_lame\120.jpg,very_lame
very_lame\121.jpg,very_lame
very_lame\122.jpg,very_lame
very_lame\123.jpg,very_lame
very_lame\124.jpg,very_lame
very_lame\125.jpg,very_lame
very_lame\126.jpg,very_lame
very_lame\127.jpg,very_lame
very_lame\128.jpg,very_lame
very_lame\129.jpg,very_lame
very_lame\130.jpg,very_lame
very_lame\131.jpg,very_lame
very_lame\132.jpg,very_lame
very_lame\133.jpg,very_lame
very_lame\134.jpg,very_lame
very_lame\135.jpg,very_lame
very_lame\136.jpg,very_lame
very_lame\137.jpg,very_lame
very_lame\138.jpg,very_lame
very_lame\139.jpg,very_lame
very_lame\140.jpg,very_lame
very_lame\141.jpg,very_lame
very_lame\142.jpg,very_lame
very_lame\143.jpg,very_lame
very_lame\144.jpg,very_lame
very_lame\145.jpg,very_lame
very_lame\146.jpg,very_lame
very_lame\147.jpg,very_lame
very_lame\148.jpg,very_lame
very_lame\149.jpg,very_lame
very_lame\150.jpg,very_lame
very_lame\151.jpg,very_lame
very_lame\152.jpg,very_lame
very_lame\153.jpg,very_lame
very_lame\154.jpg,very_lame
very_lame\155.jpg,very_lame
very_lame\156.jpg,very_lame
very_lame\157.jpg,very_lame
very_lame\158.jpg,very_lame
very_lame\159.jpg,very_lame
very_lame\160.jpg,very_lame
very_lame\161.jpg,very_lame
very_lame\162.jpg,very_lame
very_lame\163.jpg,very_lame
very_lame\164.jpg,very_lame
very_lame\165.jpg,very_lame
very_lame\166.jpg,very_lame
very_lame\167.jpg,very_lame
very_lame\168.jpg,very_lame
very_lame\169.jpg,very_lame
very_lame\170.jpg,very_lame
very_lame\171.jpg,very_lame
very_lame\172.jpg,very_lame
very_lame\173.jpg,very_lame
very_lame\174.jpg,very_lame
very_lame\175.jpg,very_lame
very_lame\176.jpg,very_lame
very_lame\177.jpg,very_lame
very_lame\178.jpg,very_lame
very_lame\179.jpg,very_lame
very_lame\180.jpg,very_lame
very_lame\181.jpg,very_lame
very_lame\182.jpg,very_lame
very_lame\183.jpg,very_lame
very_lame\184.jpg,very_lame
very_lame\185.jpg,very_lame
very_lame\186.jpg,very_lame
very_lame\187.jpg,very_lame
very_lame\188.jpg,very_lame
very_lame\189.jpg,very_lame
very_lame\190.jpg,very_lame
very_lame\191.jpg,very_lame
very_lame\192.jpg,very_lame
very_lame\193.jpg,very_lame
very_lame\194.jpg,very_lame
very_lame\195.jpg,very_lame
very_lame\196.jpg,very_lame
very_lame\197.jpg,very_lame
very_lame\198.jpg,very_lame
very_lame\199.jpg,very_lame
very_lame\200.jpg,very_lame
very_lame\201.jpg,very_lame
very_lame\202.jpg,very_lame
very_lame\203.jpg,very_lame
very_lame\204.jpg,very_lame
very_lame\205.jpg,very_lame
very_lame\206.jpg,very_lame
very_lame\207.jpg,very_lame
very_lame\208.jpg,very_lame
very_lame\209.jpg,very_lame
very_lame\210.jpg,very_lame
very_lame\211.jpg,very_lame
very_lame\212.jpg,very_lame
very_lame\213.jpg,very_lame
very_lame\214.jpg,very_lame
very_lame\215.jpg,very_lame
very_lame\216.jpg,very_lame
very_lame\217.jpg,very_lame
very_lame\218.jpg,very_lame
very_lame\219.jpg,very_lame
very_lame\220.jpg,very_lame
very_lame\221.jpg,very_lame
very_lame\222.jpg,very_lame
very_lame\223.jpg,very_lame
very_lame\224.jpg,very_lame
very_lame\225.jpg,very_lame
very_lame\226.jpg,very_lame
very_lame\227.jpg,very_lame
very_lame\228.jpg,very_lame
very_lame\229.jpg,very_lame
very_lame\230.jpg,very_lame
very_lame\231.jpg,very_lame
very_lame\232.jpg,very_lame
very_lame\233.jpg,very_lame
very_lame\234.jpg,very_lame
very_lame\235.jpg,very_lame
very_lame\236.jpg,very_lame
very_lame\237.jpg,very_lame
very_lame\238.jpg,very_lame
very_lame\239.jpg,very_lame
very_lame\240.jpg,very_lame
very_lame\241.jpg,very_lame
very_lame\242.jpg,very_lame
very_lame\243.jpg,very_lame
very_lame\244.jpg,very_lame
very_lame\245.jpg,very_lame
very_lame\246.jpg,very_lame
very_lame\247.jpg,very_lame
very_lame\248.jpg,very_lame
very_lame\249.jpg,very_lame
very_lame\250.jpg,very_lame
very_lame\251.jpg,very_lame
very_lame\252.jpg,very_lame
very_lame\253.jpg,very_lame
very_lame\254.jpg,very_lame
very_lame\255.jpg,very_lame
very_lame\256.jpg,very_lame
very_lame\257.jpg,very_lame
very_lame\258.jpg,very_lame
very_lame\259.jpg,very_lame
very_lame\260.jpg,very_lame
very_lame\261.jpg,very_lame
very_lame\262.jpg,very_lame
very_lame\263.jpg,very_lame
very_lame\264.jpg,very_lame
very_lame\265.jpg,very_lame
very_lame\266.jpg,very_lame
very_lame\267.jpg,very_lame
very_lame\268.jpg,very_lame
very_lame\269.jpg,very_lame
very_lame\270.jpg,very_lame
very_lame\271.jpg,very_lame
very_lame\272.jpg,very_lame
very_lame\273.jpg,very_lame
very_lame\274.jpg,very_lame
very_lame\275.jpg,very_lame
very_lame\276.jpg,very_lame
very_lame\277.jpg,very_lame
very_lame\278.jpg,very_lame
very_lame\279.jpg,very_lame
very_lame\280.jpg,very_lame
very_lame\281.jpg,very_lame
very_lame\282.jpg,very_lame
very_lame\283.jpg,very_lame
very_lame\284.jpg,very_lame
very_lame\285.jpg,very_lame
very_lame\286.jpg,very_lame
very_lame\287.jpg,very_lame
very_lame\288.jpg,very_lame
very_lame\289.jpg,very_lame
very_lame\290.jpg,very_lame
very_lame\291.jpg,very_lame
very_lame\292.jpg,very_lame
very_lame\293.jpg,very_lame
very_lame\294.jpg,very_lame
very_lame\295.jpg,very_lame
very_lame\296.jpg,very_lame
very_lame\297.jpg,very_lame
very_lame\298.jpg,very_lame
very_lame\299.jpg,very_lame
very_lame\300.jpg,very_lame
very_lame\301.jpg,very_lame
very_lame\302.jpg,very_lame
very_lame\303.jpg,very_lame
very_lame\304.jpg,very_lame
very_lame\305.jpg,very_lame
very_lame\306.jpg,very_lame
very_lame\307.jpg,very_lame
very_lame\308.jpg,very_lame
very_lame\309.jpg,very_lame
very_lame\310.jpg,very_lame
very_lame\311.jpg,very_lame
very_lame\312.jpg,very_lame
very_lame\313.jpg,very_lame
very_lame\314.jpg,very_lame
very_lame\315.jpg,very_lame
very_lame\316.jpg,very_lame
very_lame\317.jpg,very_lame
very_lame\318.jpg,very_lame
very_lame\319.jpg,very_lame
very_lame\320.jpg,very_lame
very_lame\321.jpg,very_lame
very_lame\322.jpg,very_lame
very_lame\323.jpg,very_lame
very_lame\324.jpg,very_lame
very_lame\325.jpg,very_lame
very_lame\326.jpg,very_lame
very_lame\327.jpg,very_lame
very_lame\328.jpg,very_lame
very_lame\329.jpg,very_lame
very_lame\330.jpg,very_lame
very_lame\331.jpg,very_lame
very_lame\332.jpg,very_lame
very_lame\333.jpg,very_lame
very_lame\334.jpg,very_lame
very_lame\335.jpg,very_lame
very_lame\336.jpg,very_lame
very_lame\337.jpg,very_lame
very_lame\338.jpg,very_lame
very_lame\339.jpg,very_lame
very_lame\340.jpg,very_lame
very_lame\341.jpg,very_lame
very_lame\342.jpg,very_lame
very_lame\343.jpg,very_lame
very_lame\344.jpg,very_lame
very_lame\345.jpg,very_lame
very_lame\346.jpg,very_lame
very_lame\347.jpg,very_lame
very_lame\348.jpg,very_lame
very_lame\349.jpg,very_lame
very_lame\350.jpg,very_lame
very_lame\351.jpg,very_lame
very_lame\352.jpg,very_lame
very_lame\353.jpg,very_lame
very_lame\354.jpg,very_lame
very_lame\355.jpg,very_lame
very_lame\356.jpg,very_lame
very_lame\357.jpg,very_lame
very_lame\358.jpg,very_lame
very_lame\359.jpg,very_lame
very_lame\360.jpg,very_lame
very_lame\361.jpg,very_lame
very_lame\362.jpg,very_lame
very_lame\363.jpg,very_lame
very_lame\364.jpg,very_lame
very_lame\365.jpg,very_lame
very_lame\366.jpg,very_lame
very_lame\367.jpg,very_lame
very_lame\368.jpg,very_lame
very_lame\369.jpg,very_lame
very_lame\370.jpg,very_lame
very_lame\371.jpg,very_lame
very_lame\372.jpg,very_lame
very_lame\373.jpg,very_lame
very_lame\374.jpg,very_lame
very_lame\375.jpg,very_lame
very_lame\376.jpg,very_lame
very_lame\377.jpg,very_lame
very_lame\378.jpg,very_lame
very_lame\379.jpg,very_lame
very_lame\380.jpg,very_lame
very_lame\381.jpg,very_lame
very_lame\382.jpg,very_lame
very_lame\383.jpg,very_lame
very_lame\384.jpg,very_lame
very_lame\385.jpg,very_lame
very_lame\386.jpg,very_lame
very_lame\387.jpg,very_lame
very_lame\388.jpg,very_lame
very_lame\389.jpg,very_lame
very_lame\390.jpg,very_lame
very_lame\391.jpg,very_lame
very_lame\392.jpg,very_lame
very_lame\393.jpg,very_lame
very_lame\394.jpg,very_lame
very_lame\395.jpg,very_lame
very_lame\396.jpg,very_lame
very_lame\397.jpg,very_lame
very_lame\398.jpg,very_lame
very_lame\399.jpg,very_lame
very_lame\400.jpg,very_lame
very_lame\401.jpg,very_lame
very_lame\402.jpg,very_lame
very_lame\403.jpg,very_lame
very_lame\404.jpg,very_lame
very_lame\405.jpg,very_lame
very_lame\406.jpg,very_lame
very_lame\407.jpg,very_lame
very_lame\408.jpg,very_lame
very_lame\409.jpg,very_lame
very_lame\410.jpg,very_lame
very_lame\411.jpg,very_lame
very_lame\412.jpg,very_lame
very_lame\413.jpg,very_lame
very_lame\414.jpg,very_lame
very_lame\415.jpg,very_lame
very_lame\416.jpg,very_lame
very_lame\417.jpg,very_lame
very_lame\418.jpg,very_lame
very_lame\419.jpg,very_lame
very_lame\420.jpg,very_lame
very_lame\421.jpg,very_lame
very_lame\422.jpg,very_lame
very_lame\423.jpg,very_lame
very_lame\424.jpg,very_lame
very_lame\425.jpg,very_lame
very_lame\426.jpg,very_lame
very_lame\427.jpg,very_lame
very_lame\428.jpg,very_lame
very_lame\429.jpg,very_lame
very_lame\430.jpg,very_lame
very_lame\431.jpg,very_lame
very_lame\432.jpg,very_lame
very_lame\433.jpg,very_lame
very_lame\434.jpg,very_lame
very_lame\435.jpg,very_lame
very_lame\436.jpg,very_lame
very_lame\437.jpg,very_lame
very_lame\438.jpg,very_lame
very_lame\439.jpg,very_lame
very_lame\440.jpg,very_lame
very_lame\441.jpg,very_lame
very_lame\442.jpg,very_lame
very_lame\443.jpg,very_lame
very_lame\444.jpg,very_lame
very_lame\445.jpg,very_lame
very_lame\446.jpg,very_lame
very_lame\447.jpg,very_lame
very_lame\448.jpg,very_lame
very_lame\449.jpg,very_lame
very_lame\450.jpg,very_lame
very_lame\451.jpg,very_lame
very_lame\452.jpg,very_lame
very_lame\453.jpg,very_lame
very_lame\454.jpg,very_lame
very_lame\455.jpg,very_lame
very_lame\456.jpg,very_lame
very_lame\457.jpg,very_lame
very_lame\458.jpg,very_lame
very_lame\459.jpg,very_lame
very_lame\460.jpg,very_lame
very_lame\461.jpg,very_lame
very_lame\462.jpg,very_lame
very_lame\463.jpg,very_lame
very_lame\464.jpg,very_lame
very_lame\465.jpg,very_lame
very_lame\466.jpg,very_lame
very_lame\467.jpg,very_lame
very_lame\468.jpg,very_lame
very_lame\469.jpg,very_lame
very_lame\470.jpg,very_lame
very_lame\471.jpg,very_lame
very_lame\472.jpg,very_lame
very_lame\473.jpg,very_lame
very_lame\474.jpg,very_lame
very_lame\475.jpg,very_lame
very_lame\476.jpg,very_lame
very_lame\477.jpg,very_lame
very_lame\478.jpg,very_lame
very_lame\479.jpg,very_lame
very_lame\480.jpg,very_lame
very_lame\481.jpg,very_lame
very_lame\482.jpg,very_lame
very_lame\483.jpg,very_lame
very_lame\484.jpg,very_lame
very_lame\485.jpg,very_lame
very_lame\486.jpg,very_lame
very_lame\487.jpg,very_lame
very_lame\488.jpg,very_lame
very_lame\489.jpg,very_lame
very_lame\490.jpg,very_lame
very_lame\491.jpg,very_lame
very_lame\492.jpg,very_lame
very_lame\493.jpg,very_lame
very_lame\494.jpg,very_lame
very_lame\495.jpg,very_lame
very_lame\496.jpg,very_lame
very_lame\497.jpg,very_lame
very_lame\498.jpg,very_lame
very_lame\499.jpg,very_lame
very_lame\500.jpg,very_lame
very_lame\501.jpg,very_lame
very_lame\502.jpg,very_lame
very_lame\503.jpg,very_lame
very_lame\504.jpg,very_lame
very_lame\505.jpg,very_lame
very_lame\506.jpg,very_lame
very_lame\507.jpg,very_lame
very_lame\508.jpg,very_lame
very_lame\509.jpg,very_lame
very_lame\510.jpg,very_lame
very_lame\511.jpg,very_lame
very_lame\512.jpg,very_lame
very_lame\513.jpg,very_lame
very_lame\514.jpg,very_lame
very_lame\515.jpg,very_lame
very_lame\516.jpg,very_lame
very_lame\517.jpg,very_lame
very_lame\518.jpg,very_lame
very_lame\519.jpg,very_lame
very_lame\520.jpg,very_lame
very_lame\521.jpg,very_lame
very_lame\522.jpg,very_lame
very_lame\523.jpg,very_lame
very_lame\524.jpg,very_lame
very_lame\525.jpg,very_lame
very_lame\526.jpg,very_lame
very_lame\527.jpg,very_lame
very_lame\528.jpg,very_lame
very_lame\529.jpg,very_lame
very_lame\530.jpg,very_lame
very_lame\531.jpg,very_lame
very_lame\532.jpg,very_lame
very_lame\533.jpg,very_lame
very_lame\534.jpg,very_lame
very_lame\535.jpg,very_lame
very_lame\536.jpg,very_lame
very_lame\537.jpg,very_lame
very_lame\538.jpg,very_lame
very_lame\539.jpg,very_lame
very_lame\540.jpg,very_lame
very_lame\541.jpg,very_lame
very_lame\542.jpg,very_lame
very_lame\543.jpg,very_lame
very_lame\544.jpg,very_lame
very_lame\545.jpg,very_lame
very_lame\546.jpg,very_lame
very_lame\547.jpg,very_lame
very_lame\548.jpg,very_lame
very_lame\549.jpg,very_lame
very_lame\550.jpg,very_lame
very_lame\551.jpg,very_lame
very_lame\552.jpg,very_lame
very_lame\553.jpg,very_lame
very_lame\554.jpg,very_lame
very_lame\555.jpg,very_lame
very_lame\637.jpg,very_lame
very_lame\638.jpg,very_lame
very_lame\639.jpg,very_lame
very_lame\640.jpg,very_lame
very_lame\641.jpg,very_lame
very_lame\642.jpg,very_lame
very_lame\643.jpg,very_lame
very_lame\644.jpg,very_lame
very_lame\645.jpg,very_lame
very_lame\646.jpg,very_lame
very_lame\647.jpg,very_lame
very_lame\648.jpg,very_lame
very_lame\649.jpg,very_lame
very_lame\650.jpg,very_lame
very_lame\651.jpg,very_lame
very_lame\652.jpg,very_lame
very_lame\653.jpg,very_lame
very_lame\654.jpg,very_lame
very_lame\655.jpg,very_lame
very_lame\656.jpg,very_lame
very_lame\657.jpg,very_lame
very_lame\658.jpg,very_lame
very_lame\659.jpg,very_lame
very_lame\660.jpg,very_lame
very_lame\661.jpg,very_lame
very_lame\662.jpg,very_lame
very_lame\663.jpg,very_lame
very_lame\664.jpg,very_lame
very_lame\665.jpg,very_lame
very_lame\666.jpg,very_lame
very_lame\667.jpg,very_lame
very_lame\668.jpg,very_lame
very_lame\669.jpg,very_lame
very_lame\670.jpg,very_lame
very_lame\671.jpg,very_lame
very_lame\672.jpg,very_lame
very_lame\673.jpg,very_lame
very_lame\674.jpg,very_lame
very_lame\675.jpg,very_lame
very_lame\676.jpg,very_lame
very_lame\677.jpg,very_lame
very_lame\678.jpg,very_lame
very_lame\679.jpg,very_lame
very_lame\680.jpg,very_lame
very_lame\681.jpg,very_lame
very_lame\682.jpg,very_lame
very_lame\683.jpg,very_lame
very_lame\684.jpg,very_lame
very_lame\685.jpg,very_lame
very_lame\686.jpg,very_lame
very_lame\687.jpg,very_lame
very_lame\688.jpg,very_lame
very_lame\689.jpg,very_lame
very_lame\690.jpg,very_lame
very_lame\691.jpg,very_lame
very_lame\692.jpg,very_lame
very_lame\693.jpg,very_lame
very_lame\694.jpg,very_lame
very_lame\695.jpg,very_lame
very_lame\696.jpg,very_lame
very_lame\697.jpg,very_lame
very_lame\698.jpg,very_lame
very_lame\699.jpg,very_lame
very_lame\700.jpg,very_lame
very_lame\701.jpg,very_lame
very_lame\702.jpg,very_lame
very_lame\703.jpg,very_lame
very_lame\704.jpg,very_lame
very_lame\705.jpg,very_lame
very_lame\706.jpg,very_lame
very_lame\707.jpg,very_lame
very_lame\708.jpg,very_lame
very_lame\709.jpg,very_lame
very_lame\710.jpg,very_lame
very_lame\711.jpg,very_lame
very_lame\712.jpg,very_lame
very_lame\713.jpg,very_lame
very_lame\714.jpg,very_lame
very_lame\715.jpg,very_lame
very_lame\716.jpg,very_lame
very_lame\717.jpg,very_lame
very_lame\718.jpg,very_lame
very_lame\719.jpg,very_lame
very_lame\720.jpg,very_lame
very_lame\721.jpg,very_lame
very_lame\722.jpg,very_lame
very_lame\723.jpg,very_lame
very_lame\724.jpg,very_lame
very_lame\725.jpg,very_lame
very_lame\726.jpg,very_lame
very_lame\727.jpg,very_lame
very_lame\728.jpg,very_lame
very_lame\729.jpg,very_lame
very_lame\730.jpg,very_lame
very_lame\731.jpg,very_lame
very_lame\732.jpg,very_lame
very_lame\733.jpg,very_lame
very_lame\734.jpg,very_lame
very_lame\735.jpg,very_lame
very_lame\736.jpg,very_lame
very_lame\737.jpg,very_lame
very_lame\738.jpg,very_lame
very_lame\739.jpg,very_lame
very_lame\740.jpg,very_lame
very_lame\741.jpg,very_lame
very_lame\742.jpg,very_lame
very_lame\743.jpg,very_lame
very_lame\744.jpg,very_lame
very_lame\745.jpg,very_lame
very_lame\746.jpg,very_lame
very_lame\747.jpg,very_lame
very_lame\748.jpg,very_lame
very_lame\749.jpg,very_lame
very_lame\750.jpg,very_lame
very_lame\751.jpg,very_lame
very_lame\752.jpg,very_lame
very_lame\753.jpg,very_lame
very_lame\754.jpg,very_lame
very_lame\755.jpg,very_lame
very_lame\756.jpg,very_lame
very_lame\757.jpg,very_lame
very_lame\758.jpg,very_lame
very_lame\759.jpg,very_lame
very_lame\760.jpg,very_lame
very_lame\761.jpg,very_lame
very_lame\762.jpg,very_lame
very_lame\763.jpg,very_lame
very_lame\764.jpg,very_lame
very_lame\765.jpg,very_lame
very_lame\766.jpg,very_lame
very_lame\767.jpg,very_lame
very_lame\768.jpg,very_lame
very_lame\769.jpg,very_lame
very_lame\770.jpg,very_lame
very_lame\771.jpg,very_lame
very_lame\772.jpg,very_lame
very_lame\773.jpg,very_lame
very_lame\774.jpg,very_lame
very_lame\775.jpg,very_lame
very_lame\776.jpg,very_lame
very_lame\777.jpg,very_lame
very_lame\778.jpg,very_lame
very_lame\779.jpg,very_lame
very_lame\780.jpg,very_lame
very_lame\781.jpg,very_lame
very_lame\782.jpg,very_lame
very_lame\783.jpg,very_lame
very_lame\784.jpg,very_lame
very_lame\785.jpg,very_lame
very_lame\786.jpg,very_lame
very_lame\787.jpg,very_lame
very_lame\788.jpg,very_lame
very_lame\789.jpg,very_lame
very_lame\790.jpg,very_lame
very_lame\791.jpg,very_lame
very_lame\792.jpg,very_lame
very_lame\793.jpg,very_lame
very_lame\794.jpg,very_lame
very_lame\795.jpg,very_lame
very_lame\796.jpg,very_lame
very_lame\797.jpg,very_lame
very_lame\798.jpg,very_lame
very_lame\799.jpg,very_lame
very_lame\800.jpg,very_lame
very_lame\801.jpg,very_lame
very_lame\802.jpg,very_lame
very_lame\803.jpg,very_lame
very_lame\804.jpg,very_lame
very_lame\805.jpg,very_lame
very_lame\806.jpg,very_lame
very_lame\807.jpg,very_lame
very_lame\808.jpg,very_lame
very_lame\809.jpg,very_lame
very_lame\810.jpg,very_lame
very_lame\811.jpg,very_lame
very_lame\812.jpg,very_lame
very_lame\813.jpg,very_lame
very_lame\814.jpg,very_lame
very_lame\815.jpg,very_lame
very_lame\816.jpg,very_lame
very_lame\817.jpg,very_lame
very_lame\818.jpg,very_lame
very_lame\819.jpg,very_lame
very_lame\820.jpg,very_lame
very_lame\821.jpg,very_lame
very_lame\822.jpg,very_lame
very_lame\823.jpg,very_lame
very_lame\824.jpg,very_lame
very_lame\825.jpg,very_lame
very_lame\826.jpg,very_lame
very_lame\827.jpg,very_lame
very_lame\828.jpg,very_lame
very_lame\829.jpg,very_lame
very_lame\830.jpg,very_lame
very_lame\831.jpg,very_lame
very_lame\832.jpg,very_lame
very_lame\833.jpg,very_lame
very_lame\834.jpg,very_lame
very_lame\835.jpg,very_lame
very_lame\836.jpg,very_lame
very_lame\837.jpg,very_lame
very_lame\838.jpg,very_lame
very_lame\839.jpg,very_lame
very_lame\840.jpg,very_lame
very_lame\841.jpg,very_lame
very_lame\842.jpg,very_lame
very_lame\843.jpg,very_lame
very_lame\844.jpg,very_lame
very_lame\845.jpg,very_lame
very_lame\846.jpg,very_lame
very_lame\847.jpg,very_lame
very_lame\848.jpg,very_lame
very_lame\849.jpg,very_lame
very_lame\850.jpg,very_lame
very_lame\851.jpg,very_lame
very_lame\852.jpg,very_lame
very_lame\853.jpg,very_lame
very_lame\854.jpg,very_lame
very_lame\855.jpg,very_lame
very_lame\856.jpg,very_lame
very_lame\857.jpg,very_lame
very_lame\858.jpg,very_lame
very_lame\859.jpg,very_lame
very_lame\860.jpg,very_lame
very_lame\861.jpg,very_lame
very_lame\862.jpg,very_lame
very_lame\863.jpg,very_lame
very_lame\864.jpg,very_lame
very_lame\865.jpg,very_lame
very_lame\866.jpg,very_lame
very_lame\867.jpg,very_lame
very_lame\868.jpg,very_lame
very_lame\869.jpg,very_lame
very_lame\870.jpg,very_lame
very_lame\871.jpg,very_lame
very_lame\872.jpg,very_lame
very_lame\873.jpg,very_lame
very_lame\874.jpg,very_lame
very_lame\875.jpg,very_lame
very_lame\876.jpg,very_lame
very_lame\877.jpg,very_lame
very_lame\878.jpg,very_lame
very_lame\879.jpg,very_lame
very_lame\880.jpg,very_lame
very_lame\881.jpg,very_lame
very_lame\882.jpg,very_lame
very_lame\883.jpg,very_lame
very_lame\884.jpg,very_lame
very_lame\885.jpg,very_lame
very_lame\886.jpg,very_lame
very_lame\887.jpg,very_lame
very_lame\888.jpg,very_lame
very_lame\889.jpg,very_lame
very_lame\890.jpg,very_lame
very_lame\891.jpg,very_lame
very_lame\892.jpg,very_lame
very_lame\893.jpg,very_lame
very_lame\894.jpg,very_lame
very_lame\895.jpg,very_lame
very_lame\896.jpg,very_lame
very_lame\897.jpg,very_lame
very_lame\898.jpg,very_lame
very_lame\899.jpg,very_lame
very_lame\900.jpg,very_lame
very_lame\901.jpg,very_lame
very_lame\902.jpg,very_lame
very_lame\903.jpg,very_lame
very_lame\904.jpg,very_lame
very_lame\905.jpg,very_lame
very_lame\906.jpg,very_lame
very_lame\907.jpg,very_lame
very_lame\908.jpg,very_lame
very_lame\909.jpg,very_lame
very_lame\910.jpg,very_lame
very_lame\911.jpg,very_lame
very_lame\912.jpg,very_lame
very_lame\913.jpg,very_lame
very_lame\914.jpg,very_lame
very_lame\915.jpg,very_lame
very_lame\916.jpg,very_lame
very_lame\0.jpg,very_lame
very_lame\1.jpg,very_lame
very_lame\2.jpg,very_lame
very_lame\3.jpg,very_lame
very_lame\4.jpg,very_lame
very_lame\5.jpg,very_lame
very_lame\6.jpg,very_lame
very_lame\7.jpg,very_lame
very_lame\8.jpg,very_lame
very_lame\9.jpg,very_lame
very_lame\10.jpg,very_lame
very_lame\11.jpg,very_lame
very_lame\12.jpg,very_lame
very_lame\13.jpg,very_lame
very_lame\14.jpg,very_lame
very_lame\15.jpg,very_lame
very_lame\16.jpg,very_lame
very_lame\17.jpg,very_lame
very_lame\18.jpg,very_lame
very_lame\19.jpg,very_lame
very_lame\20.jpg,very_lame
very_lame\21.jpg,very_lame
very_lame\22.jpg,very_lame
very_lame\23.jpg,very_lame
very_lame\24.jpg,very_lame
very_lame\25.jpg,very_lame
very_lame\26.jpg,very_lame
very_lame\27.jpg,very_lame
very_lame\28.jpg,very_lame
very_lame\29.jpg,very_lame
very_lame\30.jpg,very_lame
very_lame\31.jpg,very_lame
very_lame\32.jpg,very_lame
very_lame\33.jpg,very_lame
very_lame\34.jpg,very_lame
very_lame\35.jpg,very_lame
very_lame\36.jpg,very_lame
very_lame\37.jpg,very_lame
very_lame\38.jpg,very_lame
very_lame\39.jpg,very_lame
very_lame\40.jpg,very_lame
very_lame\41.jpg,very_lame
very_lame\42.jpg,very_lame
very_lame\43.jpg,very_lame
very_lame\44.jpg,very_lame
very_lame\45.jpg,very_lame
very_lame\46.jpg,very_lame
very_lame\47.jpg,very_lame
very_lame\48.jpg,very_lame
very_lame\49.jpg,very_lame
very_lame\50.jpg,very_lame
very_lame\51.jpg,very_lame
very_lame\52.jpg,very_lame
very_lame\53.jpg,very_lame
very_lame\54.jpg,very_lame
very_lame\55.jpg,very_lame
very_lame\56.jpg,very_lame
very_lame\57.jpg,very_lame
very_lame\58.jpg,very_lame
very_lame\59.jpg,very_lame
very_lame\60.jpg,very_lame
very_lame\61.jpg,very_lame
very_lame\62.jpg,very_lame
very_lame\63.jpg,very_lame
very_lame\64.jpg,very_lame
very_lame\65.jpg,very_lame
very_lame\66.jpg,very_lame
very_lame\67.jpg,very_lame
very_lame\68.jpg,very_lame
very_lame\69.jpg,very_lame
very_lame\70.jpg,very_lame
very_lame\71.jpg,very_lame
very_lame\72.jpg,very_lame
very_lame\73.jpg,very_lame
very_lame\74.jpg,very_lame
very_lame\75.jpg,very_lame
very_lame\76.jpg,very_lame
very_lame\77.jpg,very_lame
very_lame\78.jpg,very_lame
very_lame\79.jpg,very_lame
very_lame\80.jpg,very_lame
very_lame\81.jpg,very_lame
very_lame\82.jpg,very_lame
very_lame\83.jpg,very_lame
very_lame\84.jpg,very_lame
very_lame\85.jpg,very_lame
very_lame\86.jpg,very_lame
very_lame\87.jpg,very_lame
very_lame\88.jpg,very_lame
very_lame\89.jpg,very_lame
very_lame\90.jpg,very_lame
very_lame\91.jpg,very_lame
very_lame\92.jpg,very_lame
very_lame\93.jpg,very_lame
very_lame\94.jpg,very_lame
very_lame\95.jpg,very_lame
very_lame\96.jpg,very_lame
very_lame\97.jpg,very_lame
very_lame\98.jpg,very_lame
very_lame\99.jpg,very_lame
very_lame\100.jpg,very_lame
very_lame\101.jpg,very_lame
very_lame\102.jpg,very_lame
very_lame\103.jpg,very_lame
very_lame\104.jpg,very_lame
very_lame\105.jpg,very_lame
very_lame\106.jpg,very_lame
very_lame\107.jpg,very_lame
very_lame\108.jpg,very_lame
very_lame\109.jpg,very_lame
very_lame\110.jpg,very_lame
very_lame\111.jpg,very_lame
very_lame\112.jpg,very_lame
very_lame\113.jpg,very_lame
very_lame\114.jpg,very_lame
very_lame\115.jpg,very_lame
very_lame\116.jpg,very_lame
very_lame\117.jpg,very_lame
very_lame\118.jpg,very_lame
very_lame\119.jpg,very_lame
very_lame\120.jpg,very_lame
very_lame\121.jpg,very_lame
very_lame\122.jpg,very_lame
very_lame\123.jpg,very_lame
very_lame\124.jpg,very_lame
very_lame\125.jpg,very_lame
very_lame\126.jpg,very_lame
very_lame\127.jpg,very_lame
very_lame\128.jpg,very_lame
very_lame\129.jpg,very_lame
very_lame\130.jpg,very_lame
very_lame\131.jpg,very_lame
very_lame\132.jpg,very_lame
very_lame\133.jpg,very_lame
very_lame\134.jpg,very_lame
very_lame\135.jpg,very_lame
very_lame\136.jpg,very_lame
very_lame\137.jpg,very_lame
very_lame\138.jpg,very_lame
very_lame\139.jpg,very_lame
very_lame\140.jpg,very_lame
very_lame\141.jpg,very_lame
very_lame\142.jpg,very_lame
very_lame\143.jpg,very_lame
very_lame\144.jpg,very_lame
very_lame\145.jpg,very_lame
very_lame\146.jpg,very_lame
very_lame\147.jpg,very_lame
very_lame\148.jpg,very_lame
very_lame\149.jpg,very_lame
very_lame\150.jpg,very_lame
very_lame\151.jpg,very_lame
very_lame\152.jpg,very_lame
very_lame\153.jpg,very_lame
very_lame\154.jpg,very_lame
very_lame\155.jpg,very_lame
very_lame\156.jpg,very_lame
very_lame\157.jpg,very_lame
very_lame\158.jpg,very_lame
very_lame\159.jpg,very_lame
very_lame\160.jpg,very_lame
very_lame\161.jpg,very_lame
very_lame\162.jpg,very_lame
very_lame\163.jpg,very_lame
very_lame\164.jpg,very_lame
very_lame\165.jpg,very_lame
very_lame\166.jpg,very_lame
very_lame\167.jpg,very_lame
very_lame\168.jpg,very_lame
very_lame\169.jpg,very_lame
very_lame\170.jpg,very_lame
very_lame\171.jpg,very_lame
very_lame\172.jpg,very_lame
very_lame\173.jpg,very_lame
very_lame\174.jpg,very_lame
very_lame\175.jpg,very_lame
very_lame\176.jpg,very_lame
very_lame\177.jpg,very_lame
very_lame\178.jpg,very_lame
very_lame\179.jpg,very_lame
very_lame\180.jpg,very_lame
very_lame\181.jpg,very_lame
very_lame\182.jpg,very_lame
very_lame\183.jpg,very_lame
very_lame\184.jpg,very_lame
very_lame\185.jpg,very_lame
very_lame\186.jpg,very_lame
very_lame\187.jpg,very_lame
very_lame\188.jpg,very_lame
very_lame\189.jpg,very_lame
very_lame\190.jpg,very_lame
very_lame\191.jpg,very_lame
very_lame\192.jpg,very_lame
very_lame\193.jpg,very_lame
very_lame\194.jpg,very_lame
very_lame\195.jpg,very_lame
very_lame\196.jpg,very_lame
very_lame\197.jpg,very_lame
very_lame\198.jpg,very_lame
very_lame\199.jpg,very_lame
very_lame\200.jpg,very_lame
very_lame\201.jpg,very_lame
very_lame\202.jpg,very_lame
very_lame\203.jpg,very_lame
very_lame\204.jpg,very_lame
very_lame\205.jpg,very_lame
very_lame\206.jpg,very_lame
very_lame\207.jpg,very_lame
very_lame\208.jpg,very_lame
very_lame\209.jpg,very_lame
very_lame\210.jpg,very_lame
very_lame\211.jpg,very_lame
very_lame\212.jpg,very_lame
very_lame\213.jpg,very_lame
very_lame\214.jpg,very_lame
very_lame\215.jpg,very_lame
very_lame\216.jpg,very_lame
very_lame\217.jpg,very_lame
very_lame\218.jpg,very_lame
very_lame\219.jpg,very_lame
very_lame\220.jpg,very_lame
very_lame\221.jpg,very_lame
very_lame\222.jpg,very_lame
very_lame\223.jpg,very_lame
very_lame\224.jpg,very_lame
very_lame\225.jpg,very_lame
very_lame\226.jpg,very_lame
very_lame\227.jpg,very_lame
very_lame\228.jpg,very_lame
very_lame\229.jpg,very_lame
very_lame\230.jpg,very_lame
very_lame\231.jpg,very_lame
very_lame\232.jpg,very_lame
very_lame\233.jpg,very_lame
very_lame\234.jpg,very_lame
very_lame\235.jpg,very_lame
very_lame\236.jpg,very_lame
very_lame\237.jpg,very_lame
very_lame\238.jpg,very_lame
very_lame\239.jpg,very_lame
very_lame\240.jpg,very_lame
very_lame\241.jpg,very_lame
very_lame\242.jpg,very_lame
very_lame\243.jpg,very_lame
very_lame\244.jpg,very_lame
very_lame\245.jpg,very_lame
very_lame\246.jpg,very_lame
very_lame\247.jpg,very_lame
very_lame\248.jpg,very_lame
very_lame\249.jpg,very_lame
very_lame\250.jpg,very_lame
very_lame\251.jpg,very_lame
very_lame\252.jpg,very_lame
very_lame\253.jpg,very_lame
very_lame\254.jpg,very_lame
very_lame\255.jpg,very_lame
very_lame\256.jpg,very_lame
very_lame\257.jpg,very_lame
very_lame\258.jpg,very_lame
very_lame\259.jpg,very_lame
very_lame\260.jpg,very_lame
very_lame\261.jpg,very_lame
very_lame\262.jpg,very_lame
very_lame\263.jpg,very_lame
very_lame\264.jpg,very_lame
very_lame\265.jpg,very_lame
very_lame\266.jpg,very_lame
very_lame\267.jpg,very_lame
very_lame\268.jpg,very_lame
very_lame\269.jpg,very_lame
very_lame\270.jpg,very_lame
very_lame\271.jpg,very_lame
very_lame\272.jpg,very_lame
very_lame\273.jpg,very_lame
very_lame\274.jpg,very_lame
very_lame\275.jpg,very_lame
very_lame\276.jpg,very_lame
very_lame\277.jpg,very_lame
very_lame\278.jpg,very_lame
very_lame\279.jpg,very_lame
very_lame\280.jpg,very_lame
very_lame\281.jpg,very_lame
very_lame\282.jpg,very_lame
very_lame\283.jpg,very_lame
very_lame\284.jpg,very_lame
very_lame\285.jpg,very_lame
very_lame\286.jpg,very_lame
very_lame\287.jpg,very_lame
very_lame\288.jpg,very_lame
very_lame\289.jpg,very_lame
very_lame\290.jpg,very_lame
very_lame\291.jpg,very_lame
very_lame\292.jpg,very_lame
very_lame\293.jpg,very_lame
very_lame\294.jpg,very_lame
very_lame\295.jpg,very_lame
very_lame\296.jpg,very_lame
very_lame\297.jpg,very_lame
very_lame\298.jpg,very_lame
very_lame\299.jpg,very_lame
very_lame\300.jpg,very_lame
very_lame\301.jpg,very_lame
very_lame\302.jpg,very_lame
very_lame\303.jpg,very_lame
very_lame\304.jpg,very_lame
very_lame\305.jpg,very_lame
very_lame\306.jpg,very_lame
very_lame\307.jpg,very_lame
very_lame\308.jpg,very_lame
very_lame\309.jpg,very_lame
very_lame\310.jpg,very_lame
very_lame\311.jpg,very_lame
very_lame\312.jpg,very_lame
very_lame\313.jpg,very_lame
very_lame\314.jpg,very_lame
very_lame\315.jpg,very_lame
very_lame\316.jpg,very_lame
very_lame\317.jpg,very_lame
very_lame\318.jpg,very_lame
very_lame\319.jpg,very_lame
very_lame\320.jpg,very_lame
very_lame\321.jpg,very_lame
very_lame\322.jpg,very_lame
very_lame\323.jpg,very_lame
very_lame\324.jpg,very_lame
very_lame\325.jpg,very_lame
very_lame\326.jpg,very_lame
very_lame\327.jpg,very_lame
very_lame\328.jpg,very_lame
very_lame\329.jpg,very_lame
very_lame\330.jpg,very_lame
very_lame\331.jpg,very_lame
very_lame\332.jpg,very_lame
very_lame\333.jpg,very_lame
very_lame\334.jpg,very_lame
very_lame\335.jpg,very_lame
very_lame\336.jpg,very_lame
very_lame\337.jpg,very_lame
very_lame\338.jpg,very_lame
very_lame\339.jpg,very_lame
very_lame\340.jpg,very_lame
very_lame\341.jpg,very_lame
very_lame\342.jpg,very_lame
very_lame\343.jpg,very_lame
very_lame\344.jpg,very_lame
very_lame\345.jpg,very_lame
very_lame\346.jpg,very_lame
very_lame\347.jpg,very_lame
very_lame\348.jpg,very_lame
very_lame\349.jpg,very_lame
very_lame\350.jpg,very_lame
very_lame\351.jpg,very_lame
very_lame\352.jpg,very_lame
very_lame\353.jpg,very_lame
very_lame\354.jpg,very_lame
very_lame\355.jpg,very_lame
very_lame\356.jpg,very_lame
very_lame\357.jpg,very_lame
very_lame\358.jpg,very_lame
very_lame\359.jpg,very_lame
very_lame\360.jpg,very_lame
very_lame\361.jpg,very_lame
very_lame\362.jpg,very_lame
very_lame\363.jpg,very_lame
very_lame\364.jpg,very_lame
very_lame\365.jpg,very_lame
very_lame\366.jpg,very_lame
very_lame\367.jpg,very_lame
very_lame\368.jpg,very_lame
very_lame\369.jpg,very_lame
very_lame\370.jpg,very_lame
very_lame\371.jpg,very_lame
very_lame\372.jpg,very_lame
very_lame\373.jpg,very_lame
very_lame\374.jpg,very_lame
very_lame\375.jpg,very_lame
very_lame\376.jpg,very_lame
very_lame\377.jpg,very_lame
very_lame\378.jpg,very_lame
very_lame\379.jpg,very_lame
very_lame\380.jpg,very_lame
very_lame\381.jpg,very_lame
very_lame\382.jpg,very_lame
very_lame\383.jpg,very_lame
very_lame\384.jpg,very_lame
very_lame\385.jpg,very_lame
very_lame\386.jpg,very_lame
very_lame\387.jpg,very_lame
very_lame\388.jpg,very_lame
very_lame\389.jpg,very_lame
very_lame\390.jpg,very_lame
very_lame\391.jpg,very_lame
very_lame\392.jpg,very_lame
very_lame\393.jpg,very_lame
very_lame\394.jpg,very_lame
very_lame\395.jpg,very_lame
very_lame\396.jpg,very_lame
very_lame\397.jpg,very_lame
very_lame\398.jpg,very_lame
very_lame\399.jpg,very_lame
very_lame\400.jpg,very_lame
very_lame\401.jpg,very_lame
very_lame\402.jpg,very_lame
very_lame\403.jpg,very_lame
very_lame\404.jpg,very_lame
very_lame\405.jpg,very_lame
very_lame\406.jpg,very_lame
very_lame\407.jpg,very_lame
very_lame\408.jpg,very_lame
very_lame\409.jpg,very_lame
very_lame\410.jpg,very_lame
very_lame\411.jpg,very_lame
very_lame\412.jpg,very_lame
very_lame\413.jpg,very_lame
very_lame\414.jpg,very_lame
very_lame\415.jpg,very_lame
very_lame\416.jpg,very_lame
very_lame\417.jpg,very_lame
very_lame\418.jpg,very_lame
very_lame\419.jpg,very_lame
very_lame\420.jpg,very_lame
very_lame\421.jpg,very_lame
very_lame\422.jpg,very_lame
very_lame\423.jpg,very_lame
very_lame\424.jpg,very_lame
very_lame\425.jpg,very_lame
very_lame\426.jpg,very_lame
very_lame\427.jpg,very_lame
very_lame\428.jpg,very_lame
very_lame\429.jpg,very_lame
very_lame\430.jpg,very_lame
very_lame\431.jpg,very_lame
very_lame\432.jpg,very_lame
very_lame\433.jpg,very_lame
very_lame\434.jpg,very_lame
very_lame\435.jpg,very_lame
very_lame\436.jpg,very_lame
very_lame\437.jpg,very_lame
very_lame\438.jpg,very_lame
very_lame\439.jpg,very_lame
very_lame\440.jpg,very_lame
very_lame\441.jpg,very_lame
very_lame\442.jpg,very_lame
very_lame\443.jpg,very_lame
very_lame\444.jpg,very_lame
very_lame\445.jpg,very_lame
very_lame\446.jpg,very_lame
very_lame\447.jpg,very_lame
very_lame\448.jpg,very_lame
very_lame\449.jpg,very_lame
very_lame\450.jpg,very_lame
very_lame\451.jpg,very_lame
very_lame\452.jpg,very_lame
very_lame\453.jpg,very_lame
very_lame\454.jpg,very_lame
very_lame\455.jpg,very_lame
very_lame\456.jpg,very_lame
very_lame\457.jpg,very_lame
very_lame\458.jpg,very_lame
very_lame\459.jpg,very_lame
very_lame\460.jpg,very_lame
very_lame\461.jpg,very_lame
very_lame\462.jpg,very_lame
very_lame\463.jpg,very_lame
very_lame\464.jpg,very_lame
very_lame\465.jpg,very_lame
very_lame\466.jpg,very_lame
very_lame\467.jpg,very_lame
very_lame\468.jpg,very_lame
very_lame\469.jpg,very_lame
very_lame\470.jpg,very_lame
very_lame\471.jpg,very_lame
very_lame\472.jpg,very_lame
very_lame\473.jpg,very_lame
very_lame\474.jpg,very_lame
very_lame\475.jpg,very_lame
very_lame\476.jpg,very_lame
very_lame\477.jpg,very_lame
very_lame\478.jpg,very_lame
very_lame\479.jpg,very_lame
very_lame\480.jpg,very_lame
very_lame\481.jpg,very_lame
very_lame\482.jpg,very_lame
very_lame\483.jpg,very_lame
very_lame\484.jpg,very_lame
very_lame\485.jpg,very_lame
very_lame\486.jpg,very_lame
very_lame\487.jpg,very_lame
very_lame\488.jpg,very_lame
very_lame\489.jpg,very_lame
very_lame\490.jpg,very_lame
very_lame\491.jpg,very_lame
very_lame\492.jpg,very_lame
very_lame\493.jpg,very_lame
very_lame\494.jpg,very_lame
very_lame\495.jpg,very_lame
very_lame\496.jpg,very_lame
very_lame\497.jpg,very_lame
very_lame\498.jpg,very_lame
very_lame\499.jpg,very_lame
very_lame\500.jpg,very_lame
very_lame\501.jpg,very_lame
very_lame\502.jpg,very_lame
very_lame\503.jpg,very_lame
very_lame\504.jpg,very_lame
very_lame\505.jpg,very_lame
very_lame\506.jpg,very_lame
very_lame\507.jpg,very_lame
very_lame\508.jpg,very_lame
very_lame\509.jpg,very_lame
very_lame\510.jpg,very_lame
very_lame\511.jpg,very_lame
very_lame\512.jpg,very_lame
very_lame\513.jpg,very_lame
very_lame\514.jpg,very_lame
very_lame\515.jpg,very_lame
very_lame\516.jpg,very_lame
very_lame\517.jpg,very_lame
very_lame\518.jpg,very_lame
very_lame\519.jpg,very_lame
very_lame\520.jpg,very_lame
very_lame\521.jpg,very_lame
very_lame\522.jpg,very_lame
very_lame\523.jpg,very_lame
very_lame\524.jpg,very_lame
very_lame\525.jpg,very_lame
very_lame\526.jpg,very_lame
very_lame\527.jpg,very_lame
very_lame\528.jpg,very_lame
very_lame\529.jpg,very_lame
very_lame\530.jpg,very_lame
very_lame\531.jpg,very_lame
very_lame\532.jpg,very_lame
very_lame\533.jpg,very_lame
very_lame\534.jpg,very_lame
very_lame\535.jpg,very_lame
very_lame\536.jpg,very_lame
very_lame\537.jpg,very_lame
very_lame\538.jpg,very_lame
very_lame\539.jpg,very_lame
very_lame\540.jpg,very_lame
very_lame\541.jpg,very_lame
very_lame\542.jpg,very_lame
very_lame\543.jpg,very_lame
very_lame\544.jpg,very_lame
very_lame\545.jpg,very_lame
very_lame\546.jpg,very_lame
very_lame\547.jpg,very_lame
very_lame\548.jpg,very_lame
very_lame\549.jpg,very_lame
very_lame\550.jpg,very_lame
very_lame\551.jpg,very_lame
very_lame\552.jpg,very_lame
very_lame\553.jpg,very_lame
very_lame\554.jpg,very_lame
very_lame\555.jpg,very_lame
very_lame\637.jpg,very_lame
very_lame\638.jpg,very_lame
very_lame\639.jpg,very_lame
very_lame\640.jpg,very_lame
very_lame\641.jpg,very_lame
very_lame\642.jpg,very_lame
very_lame\643.jpg,very_lame
very_lame\644.jpg,very_lame
very_lame\645.jpg,very_lame
very_lame\646.jpg,very_lame
very_lame\647.jpg,very_lame
very_lame\648.jpg,very_lame
very_lame\649.jpg,very_lame
very_lame\650.jpg,very_lame
very_lame\651.jpg,very_lame
very_lame\652.jpg,very_lame
very_lame\653.jpg,very_lame
very_lame\654.jpg,very_lame
very_lame\655.jpg,very_lame
very_lame\656.jpg,very_lame
very_lame\657.jpg,very_lame
very_lame\658.jpg,very_lame
very_lame\659.jpg,very_lame
very_lame\660.jpg,very_lame
very_lame\661.jpg,very_lame
very_lame\662.jpg,very_lame
very_lame\663.jpg,very_lame
very_lame\664.jpg,very_lame
very_lame\665.jpg,very_lame
very_lame\666.jpg,very_lame
very_lame\667.jpg,very_lame
very_lame\668.jpg,very_lame
very_lame\669.jpg,very_lame
very_lame\670.jpg,very_lame
very_lame\671.jpg,very_lame
very_lame\672.jpg,very_lame
very_lame\673.jpg,very_lame
very_lame\674.jpg,very_lame
very_lame\675.jpg,very_lame
very_lame\676.jpg,very_lame
very_lame\677.jpg,very_lame
very_lame\678.jpg,very_lame
very_lame\679.jpg,very_lame
very_lame\680.jpg,very_lame
very_lame\681.jpg,very_lame
very_lame\682.jpg,very_lame
very_lame\683.jpg,very_lame
very_lame\684.jpg,very_lame
very_lame\685.jpg,very_lame
very_lame\686.jpg,very_lame
very_lame\687.jpg,very_lame
very_lame\688.jpg,very_lame
very_lame\689.jpg,very_lame
very_lame\690.jpg,very_lame
very_lame\691.jpg,very_lame
very_lame\692.jpg,very_lame
very_lame\693.jpg,very_lame
very_lame\694.jpg,very_lame
very_lame\695.jpg,very_lame
very_lame\696.jpg,very_lame
very_lame\697.jpg,very_lame
very_lame\698.jpg,very_lame
very_lame\699.jpg,very_lame
very_lame\700.jpg,very_lame
very_lame\701.jpg,very_lame
very_lame\702.jpg,very_lame
very_lame\703.jpg,very_lame
very_lame\704.jpg,very_lame
very_lame\705.jpg,very_lame
very_lame\706.jpg,very_lame
very_lame\707.jpg,very_lame
very_lame\708.jpg,very_lame
very_lame\709.jpg,very_lame
very_lame\710.jpg,very_lame
very_lame\711.jpg,very_lame
very_lame\712.jpg,very_lame
very_lame\713.jpg,very_lame
very_lame\714.jpg,very_lame
very_lame\715.jpg,very_lame
very_lame\716.jpg,very_lame
very_lame\717.jpg,very_lame
very_lame\718.jpg,very_lame
very_lame\719.jpg,very_lame
very_lame\720.jpg,very_lame
very_lame\721.jpg,very_lame
very_lame\722.jpg,very_lame
very_lame\723.jpg,very_lame
very_lame\724.jpg,very_lame
very_lame\725.jpg,very_lame
very_lame\726.jpg,very_lame
very_lame\727.jpg,very_lame
very_lame\728.jpg,very_lame
very_lame\729.jpg,very_lame
very_lame\730.jpg,very_lame
very_lame\731.jpg,very_lame
very_lame\732.jpg,very_lame
very_lame\733.jpg,very_lame
very_lame\734.jpg,very_lame
very_lame\735.jpg,very_lame
very_lame\736.jpg,very_lame
very_lame\737.jpg,very_lame
very_lame\738.jpg,very_lame
very_lame\739.jpg,very_lame
very_lame\740.jpg,very_lame
very_lame\741.jpg,very_lame
very_lame\742.jpg,very_lame
very_lame\743.jpg,very_lame
very_lame\744.jpg,very_lame
very_lame\745.jpg,very_lame
very_lame\746.jpg,very_lame
very_lame\747.jpg,very_lame
very_lame\748.jpg,very_lame
very_lame\749.jpg,very_lame
very_lame\750.jpg,very_lame
very_lame\751.jpg,very_lame
very_lame\752.jpg,very_lame
very_lame\753.jpg,very_lame
very_lame\754.jpg,very_lame
very_lame\755.jpg,very_lame
very_lame\756.jpg,very_lame
very_lame\757.jpg,very_lame
very_lame\758.jpg,very_lame
very_lame\759.jpg,very_lame
very_lame\760.jpg,very_lame
very_lame\761.jpg,very_lame
very_lame\762.jpg,very_lame
very_lame\763.jpg,very_lame
very_lame\764.jpg,very_lame
very_lame\765.jpg,very_lame
very_lame\766.jpg,very_lame
very_lame\767.jpg,very_lame
very_lame\768.jpg,very_lame
very_lame\769.jpg,very_lame
very_lame\770.jpg,very_lame
very_lame\771.jpg,very_lame
very_lame\772.jpg,very_lame
very_lame\773.jpg,very_lame
very_lame\774.jpg,very_lame
very_lame\775.jpg,very_lame
very_lame\776.jpg,very_lame
very_lame\777.jpg,very_lame
very_lame\778.jpg,very_lame
very_lame\779.jpg,very_lame
very_lame\780.jpg,very_lame
very_lame\781.jpg,very_lame
very_lame\782.jpg,very_lame
very_lame\783.jpg,very_lame
very_lame\784.jpg,very_lame
very_lame\785.jpg,very_lame
very_lame\786.jpg,very_lame
very_lame\787.jpg,very_lame
very_lame\788.jpg,very_lame
very_lame\789.jpg,very_lame
very_lame\790.jpg,very_lame
very_lame\791.jpg,very_lame
very_lame\792.jpg,very_lame
very_lame\793.jpg,very_lame
very_lame\794.jpg,very_lame
very_lame\795.jpg,very_lame
very_lame\796.jpg,very_lame
very_lame\797.jpg,very_lame
very_lame\798.jpg,very_lame
very_lame\799.jpg,very_lame
very_lame\800.jpg,very_lame
very_lame\801.jpg,very_lame
very_lame\802.jpg,very_lame
very_lame\803.jpg,very_lame
very_lame\804.jpg,very_lame
very_lame\805.jpg,very_lame
very_lame\806.jpg,very_lame
very_lame\807.jpg,very_lame
very_lame\808.jpg,very_lame
very_lame\809.jpg,very_lame
very_lame\810.jpg,very_lame
very_lame\811.jpg,very_lame
very_lame\812.jpg,very_lame
very_lame\813.jpg,very_lame
very_lame\814.jpg,very_lame
very_lame\815.jpg,very_lame
very_lame\816.jpg,very_lame
very_lame\817.jpg,very_lame
very_lame\818.jpg,very_lame
very_lame\819.jpg,very_lame
very_lame\820.jpg,very_lame
very_lame\821.jpg,very_lame
very_lame\822.jpg,very_lame
very_lame\823.jpg,very_lame
very_lame\824.jpg,very_lame
very_lame\825.jpg,very_lame
very_lame\826.jpg,very_lame
very_lame\827.jpg,very_lame
very_lame\828.jpg,very_lame
very_lame\829.jpg,very_lame
very_lame\830.jpg,very_lame
very_lame\831.jpg,very_lame
very_lame\832.jpg,very_lame
very_lame\833.jpg,very_lame
very_lame\834.jpg,very_lame
very_lame\835.jpg,very_lame
very_lame\836.jpg,very_lame
very_lame\837.jpg,very_lame
very_lame\838.jpg,very_lame
very_lame\839.jpg,very_lame
very_lame\840.jpg,very_lame
very_lame\841.jpg,very_lame
very_lame\842.jpg,very_lame
very_lame\843.jpg,very_lame
very_lame\844.jpg,very_lame
very_lame\845.jpg,very_lame
very_lame\846.jpg,very_lame
very_lame\847.jpg,very_lame
very_lame\848.jpg,very_lame
very_lame\849.jpg,very_lame
very_lame\850.jpg,very_lame
very_lame\851.jpg,very_lame
very_lame\852.jpg,very_lame
very_lame\853.jpg,very_lame
very_lame\854.jpg,very_lame
very_lame\855.jpg,very_lame
very_lame\856.jpg,very_lame
very_lame\857.jpg,very_lame
very_lame\858.jpg,very_lame
very_lame\859.jpg,very_lame
very_lame\860.jpg,very_lame
very_lame\861.jpg,very_lame
very_lame\862.jpg,very_lame
very_lame\863.jpg,very_lame
very_lame\864.jpg,very_lame
very_lame\865.jpg,very_lame
very_lame\866.jpg,very_lame
very_lame\867.jpg,very_lame
very_lame\868.jpg,very_lame
very_lame\869.jpg,very_lame
very_lame\870.jpg,very_lame
very_lame\871.jpg,very_lame
very_lame\872.jpg,very_lame
very_lame\873.jpg,very_lame
very_lame\874.jpg,very_lame
very_lame\875.jpg,very_lame
very_lame\876.jpg,very_lame
very_lame\877.jpg,very_lame
very_lame\878.jpg,very_lame
very_lame\879.jpg,very_lame
very_lame\880.jpg,very_lame
very_lame\881.jpg,very_lame
very_lame\882.jpg,very_lame
very_lame\883.jpg,very_lame
very_lame\884.jpg,very_lame
very_lame\885.jpg,very_lame
very_lame\886.jpg,very_lame
very_lame\887.jpg,very_lame
very_lame\888.jpg,very_lame
very_lame\889.jpg,very_lame
very_lame\890.jpg,very_lame
very_lame\891.jpg,very_lame
very_lame\892.jpg,very_lame
very_lame\893.jpg,very_lame
very_lame\894.jpg,very_lame
very_lame\895.jpg,very_lame
very_lame\896.jpg,very_lame
very_lame\897.jpg,very_lame
very_lame\898.jpg,very_lame
very_lame\899.jpg,very_lame
very_lame\900.jpg,very_lame
very_lame\901.jpg,very_lame
very_lame\902.jpg,very_lame
very_lame\903.jpg,very_lame
very_lame\904.jpg,very_lame
very_lame\905.jpg,very_lame
very_lame\906.jpg,very_lame
very_lame\907.jpg,very_lame
very_lame\908.jpg,very_lame
very_lame\909.jpg,very_lame
very_lame\910.jpg,very_lame
very_lame\911.jpg,very_lame
very_lame\912.jpg,very_lame
very_lame\913.jpg,very_lame
very_lame\914.jpg,very_lame
very_lame\915.jpg,very_lame
very_lame\916.jpg,very_lame
low_lame\113.jpg,low_lame
low_lame\114.jpg,low_lame
low_lame\226.jpg,low_lame
low_lame\230.jpg,low_lame
low_lame\113.jpg,low_lame
low_lame\114.jpg,low_lame
low_lame\226.jpg,low_lame
low_lame\230.jpg,low_lame
low_lame\113.jpg,low_lame
low_lame\114.jpg,low_lame
low_lame\226.jpg,low_lame
low_lame\230.jpg,low_lame
low_lame\94.jpg,low_lame
low_lame\95.jpg,low_lame
low_lame\95.jpg,low_lame
low_lame\96.jpg,low_lame
low_lame\96.jpg,low_lame
low_lame\97.jpg,low_lame
low_lame\97.jpg,low_lame
low_lame\98.jpg,low_lame
low_lame\98.jpg,low_lame
low_lame\99.jpg,low_lame
low_lame\99.jpg,low_lame
low_lame\100.jpg,low_lame
low_lame\100.jpg,low_lame
low_lame\100.jpg,low_lame
low_lame\101.jpg,low_lame
low_lame\101.jpg,low_lame
low_lame\101.jpg,low_lame
low_lame\102.jpg,low_lame
low_lame\102.jpg,low_lame
low_lame\102.jpg,low_lame
low_lame\102.jpg,low_lame
low_lame\103.jpg,low_lame
low_lame\103.jpg,low_lame
low_lame\103.jpg,low_lame
low_lame\103.jpg,low_lame
low_lame\104.jpg,low_lame
low_lame\104.jpg,low_lame
low_lame\104.jpg,low_lame
low_lame\104.jpg,low_lame
low_lame\105.jpg,low_lame
low_lame\105.jpg,low_lame
low_lame\105.jpg,low_lame
low_lame\105.jpg,low_lame
low_lame\106.jpg,low_lame
low_lame\107.jpg,low_lame
low_lame\108.jpg,low_lame
low_lame\109.jpg,low_lame
low_lame\110.jpg,low_lame
low_lame\110.jpg,low_lame
low_lame\111.jpg,low_lame
low_lame\111.jpg,low_lame
low_lame\112.jpg,low_lame
low_lame\112.jpg,low_lame
low_lame\113.jpg,low_lame
low_lame\114.jpg,low_lame
low_lame\115.jpg,low_lame
low_lame\116.jpg,low_lame
low_lame\117.jpg,low_lame
low_lame\118.jpg,low_lame
low_lame\118.jpg,low_lame
low_lame\119.jpg,low_lame
low_lame\120.jpg,low_lame
low_lame\120.jpg,low_lame
low_lame\121.jpg,low_lame
low_lame\121.jpg,low_lame
low_lame\121.jpg,low_lame
low_lame\122.jpg,low_lame
low_lame\122.jpg,low_lame
low_lame\122.jpg,low_lame
low_lame\123.jpg,low_lame
low_lame\123.jpg,low_lame
low_lame\123.jpg,low_lame
low_lame\124.jpg,low_lame
low_lame\124.jpg,low_lame
low_lame\125.jpg,low_lame
low_lame\126.jpg,low_lame
low_lame\127.jpg,low_lame
low_lame\128.jpg,low_lame
low_lame\129.jpg,low_lame
low_lame\130.jpg,low_lame
low_lame\130.jpg,low_lame
low_lame\131.jpg,low_lame
low_lame\131.jpg,low_lame
low_lame\131.jpg,low_lame
low_lame\132.jpg,low_lame
low_lame\132.jpg,low_lame
low_lame\132.jpg,low_lame
low_lame\133.jpg,low_lame
low_lame\133.jpg,low_lame
low_lame\133.jpg,low_lame
low_lame\134.jpg,low_lame
low_lame\134.jpg,low_lame
low_lame\134.jpg,low_lame
low_lame\135.jpg,low_lame
low_lame\135.jpg,low_lame
low_lame\135.jpg,low_lame
low_lame\136.jpg,low_lame
low_lame\136.jpg,low_lame
low_lame\136.jpg,low_lame
low_lame\137.jpg,low_lame
low_lame\137.jpg,low_lame
low_lame\137.jpg,low_lame
low_lame\138.jpg,low_lame
low_lame\138.jpg,low_lame
low_lame\138.jpg,low_lame
low_lame\139.jpg,low_lame
low_lame\139.jpg,low_lame
low_lame\140.jpg,low_lame
low_lame\140.jpg,low_lame
low_lame\141.jpg,low_lame
low_lame\141.jpg,low_lame
low_lame\142.jpg,low_lame
low_lame\142.jpg,low_lame
low_lame\143.jpg,low_lame
low_lame\143.jpg,low_lame
low_lame\144.jpg,low_lame
low_lame\144.jpg,low_lame
low_lame\145.jpg,low_lame
low_lame\145.jpg,low_lame
low_lame\146.jpg,low_lame
low_lame\146.jpg,low_lame
low_lame\147.jpg,low_lame
low_lame\147.jpg,low_lame
low_lame\148.jpg,low_lame
low_lame\148.jpg,low_lame
low_lame\149.jpg,low_lame
low_lame\149.jpg,low_lame
low_lame\150.jpg,low_lame
low_lame\150.jpg,low_lame
low_lame\151.jpg,low_lame
low_lame\151.jpg,low_lame
low_lame\152.jpg,low_lame
low_lame\152.jpg,low_lame
low_lame\153.jpg,low_lame
low_lame\153.jpg,low_lame
low_lame\153.jpg,low_lame
low_lame\154.jpg,low_lame
low_lame\154.jpg,low_lame
low_lame\154.jpg,low_lame
low_lame\155.jpg,low_lame
low_lame\155.jpg,low_lame
low_lame\156.jpg,low_lame
low_lame\156.jpg,low_lame
low_lame\157.jpg,low_lame
low_lame\157.jpg,low_lame
low_lame\157.jpg,low_lame
low_lame\158.jpg,low_lame
low_lame\158.jpg,low_lame
low_lame\159.jpg,low_lame
low_lame\159.jpg,low_lame
low_lame\159.jpg,low_lame
low_lame\160.jpg,low_lame
low_lame\160.jpg,low_lame
low_lame\161.jpg,low_lame
low_lame\161.jpg,low_lame
low_lame\162.jpg,low_lame
low_lame\162.jpg,low_lame
low_lame\162.jpg,low_lame
low_lame\163.jpg,low_lame
low_lame\163.jpg,low_lame
low_lame\163.jpg,low_lame
low_lame\164.jpg,low_lame
low_lame\164.jpg,low_lame
low_lame\164.jpg,low_lame
low_lame\165.jpg,low_lame
low_lame\165.jpg,low_lame
low_lame\165.jpg,low_lame
low_lame\166.jpg,low_lame
low_lame\166.jpg,low_lame
low_lame\167.jpg,low_lame
low_lame\167.jpg,low_lame
low_lame\168.jpg,low_lame
low_lame\168.jpg,low_lame
low_lame\169.jpg,low_lame
low_lame\169.jpg,low_lame
low_lame\170.jpg,low_lame
low_lame\170.jpg,low_lame
low_lame\171.jpg,low_lame
low_lame\171.jpg,low_lame
low_lame\172.jpg,low_lame
low_lame\172.jpg,low_lame
low_lame\173.jpg,low_lame
low_lame\173.jpg,low_lame
low_lame\174.jpg,low_lame
low_lame\174.jpg,low_lame
low_lame\175.jpg,low_lame
low_lame\175.jpg,low_lame
low_lame\176.jpg,low_lame
low_lame\176.jpg,low_lame
low_lame\177.jpg,low_lame
low_lame\177.jpg,low_lame
low_lame\178.jpg,low_lame
low_lame\178.jpg,low_lame
low_lame\179.jpg,low_lame
low_lame\179.jpg,low_lame
low_lame\180.jpg,low_lame
low_lame\180.jpg,low_lame
low_lame\181.jpg,low_lame
low_lame\181.jpg,low_lame
low_lame\182.jpg,low_lame
low_lame\182.jpg,low_lame
low_lame\183.jpg,low_lame
low_lame\183.jpg,low_lame
low_lame\184.jpg,low_lame
low_lame\184.jpg,low_lame
low_lame\185.jpg,low_lame
low_lame\185.jpg,low_lame
low_lame\186.jpg,low_lame
low_lame\186.jpg,low_lame
low_lame\187.jpg,low_lame
low_lame\187.jpg,low_lame
low_lame\188.jpg,low_lame
low_lame\188.jpg,low_lame
low_lame\226.jpg,low_lame
low_lame\230.jpg,low_lame
low_lame\113.jpg,low_lame
low_lame\114.jpg,low_lame
low_lame\226.jpg,low_lame
low_lame\230.jpg,low_lame
very_lame\119.jpg,very_lame
very_lame\120.jpg,very_lame
very_lame\121.jpg,very_lame
very_lame\122.jpg,very_lame
very_lame\0.jpg,very_lame
very_lame\1.jpg,very_lame
very_lame\2.jpg,very_lame
very_lame\3.jpg,very_lame
very_lame\4.jpg,very_lame
very_lame\5.jpg,very_lame
very_lame\6.jpg,very_lame
very_lame\7.jpg,very_lame
very_lame\8.jpg,very_lame
very_lame\9.jpg,very_lame
very_lame\10.jpg,very_lame
very_lame\11.jpg,very_lame
very_lame\12.jpg,very_lame
very_lame\13.jpg,very_lame
very_lame\14.jpg,very_lame
very_lame\15.jpg,very_lame
very_lame\16.jpg,very_lame
very_lame\17.jpg,very_lame
very_lame\18.jpg,very_lame
very_lame\19.jpg,very_lame
very_lame\20.jpg,very_lame
very_lame\21.jpg,very_lame
very_lame\22.jpg,very_lame
very_lame\23.jpg,very_lame
very_lame\24.jpg,very_lame
very_lame\25.jpg,very_lame
very_lame\26.jpg,very_lame
very_lame\27.jpg,very_lame
very_lame\28.jpg,very_lame
very_lame\29.jpg,very_lame
very_lame\30.jpg,very_lame
very_lame\31.jpg,very_lame
very_lame\32.jpg,very_lame
very_lame\33.jpg,very_lame
very_lame\34.jpg,very_lame
very_lame\35.jpg,very_lame
very_lame\36.jpg,very_lame
very_lame\37.jpg,very_lame
very_lame\38.jpg,very_lame
very_lame\39.jpg,very_lame
very_lame\40.jpg,very_lame
very_lame\41.jpg,very_lame
very_lame\42.jpg,very_lame
very_lame\43.jpg,very_lame
very_lame\44.jpg,very_lame
very_lame\45.jpg,very_lame
very_lame\46.jpg,very_lame
very_lame\47.jpg,very_lame
very_lame\48.jpg,very_lame
very_lame\49.jpg,very_lame
very_lame\50.jpg,very_lame
very_lame\51.jpg,very_lame
very_lame\52.jpg,very_lame
very_lame\53.jpg,very_lame
very_lame\54.jpg,very_lame
very_lame\55.jpg,very_lame
very_lame\56.jpg,very_lame
very_lame\57.jpg,very_lame
very_lame\58.jpg,very_lame
very_lame\59.jpg,very_lame
very_lame\60.jpg,very_lame
very_lame\61.jpg,very_lame
very_lame\62.jpg,very_lame
very_lame\63.jpg,very_lame
very_lame\64.jpg,very_lame
very_lame\65.jpg,very_lame
very_lame\66.jpg,very_lame
very_lame\67.jpg,very_lame
very_lame\68.jpg,very_lame
very_lame\69.jpg,very_lame
very_lame\70.jpg,very_lame
very_lame\71.jpg,very_lame
very_lame\72.jpg,very_lame
very_lame\73.jpg,very_lame
very_lame\74.jpg,very_lame
very_lame\75.jpg,very_lame
very_lame\76.jpg,very_lame
very_lame\77.jpg,very_lame
very_lame\78.jpg,very_lame
very_lame\79.jpg,very_lame
very_lame\80.jpg,very_lame
very_lame\81.jpg,very_lame
very_lame\82.jpg,very_lame
very_lame\83.jpg,very_lame
very_lame\84.jpg,very_lame
very_lame\85.jpg,very_lame
very_lame\86.jpg,very_lame
very_lame\87.jpg,very_lame
very_lame\88.jpg,very_lame
very_lame\89.jpg,very_lame
very_lame\90.jpg,very_lame
very_lame\91.jpg,very_lame
very_lame\92.jpg,very_lame
very_lame\93.jpg,very_lame
very_lame\94.jpg,very_lame
very_lame\95.jpg,very_lame
very_lame\96.jpg,very_lame
very_lame\97.jpg,very_lame
very_lame\98.jpg,very_lame
very_lame\99.jpg,very_lame
very_lame\100.jpg,very_lame
very_lame\101.jpg,very_lame
very_lame\102.jpg,very_lame
very_lame\103.jpg,very_lame
very_lame\104.jpg,very_lame
very_lame\105.jpg,very_lame
very_lame\106.jpg,very_lame
very_lame\107.jpg,very_lame
very_lame\108.jpg,very_lame
very_lame\109.jpg,very_lame
very_lame\110.jpg,very_lame
very_lame\111.jpg,very_lame
very_lame\112.jpg,very_lame
very_lame\113.jpg,very_lame
very_lame\114.jpg,very_lame
very_lame\115.jpg,very_lame
very_lame\116.jpg,very_lame
very_lame\117.jpg,very_lame
very_lame\118.jpg,very_lame
very_lame\119.jpg,very_lame
very_lame\120.jpg,very_lame
very_lame\121.jpg,very_lame
very_lame\122.jpg,very_lame
very_lame\123.jpg,very_lame
very_lame\124.jpg,very_lame
very_lame\125.jpg,very_lame
very_lame\126.jpg,very_lame
very_lame\127.jpg,very_lame
very_lame\128.jpg,very_lame
very_lame\129.jpg,very_lame
very_lame\130.jpg,very_lame
very_lame\131.jpg,very_lame
very_lame\132.jpg,very_lame
very_lame\133.jpg,very_lame
very_lame\134.jpg,very_lame
very_lame\135.jpg,very_lame
very_lame\136.jpg,very_lame
very_lame\137.jpg,very_lame
very_lame\138.jpg,very_lame
very_lame\139.jpg,very_lame
very_lame\140.jpg,very_lame
very_lame\141.jpg,very_lame
very_lame\142.jpg,very_lame
very_lame\143.jpg,very_lame
very_lame\144.jpg,very_lame
very_lame\145.jpg,very_lame
very_lame\146.jpg,very_lame
very_lame\147.jpg,very_lame
very_lame\148.jpg,very_lame
very_lame\148.jpg,very_lame
very_lame\149.jpg,very_lame
very_lame\149.jpg,very_lame
very_lame\150.jpg,very_lame
very_lame\151.jpg,very_lame
very_lame\152.jpg,very_lame
very_lame\153.jpg,very_lame
very_lame\154.jpg,very_lame
very_lame\154.jpg,very_lame
very_lame\155.jpg,very_lame
very_lame\155.jpg,very_lame
very_lame\156.jpg,very_lame
very_lame\157.jpg,very_lame
very_lame\158.jpg,very_lame
very_lame\158.jpg,very_lame
very_lame\159.jpg,very_lame
very_lame\159.jpg,very_lame
very_lame\160.jpg,very_lame
very_lame\161.jpg,very_lame
very_lame\161.jpg,very_lame
very_lame\162.jpg,very_lame
very_lame\163.jpg,very_lame
very_lame\164.jpg,very_lame
very_lame\165.jpg,very_lame
very_lame\165.jpg,very_lame
very_lame\166.jpg,very_lame
very_lame\166.jpg,very_lame
very_lame\167.jpg,very_lame
very_lame\168.jpg,very_lame
very_lame\169.jpg,very_lame
very_lame\170.jpg,very_lame
very_lame\171.jpg,very_lame
very_lame\172.jpg,very_lame
very_lame\173.jpg,very_lame
very_lame\174.jpg,very_lame
very_lame\175.jpg,very_lame
very_lame\176.jpg,very_lame
very_lame\177.jpg,very_lame
very_lame\178.jpg,very_lame
very_lame\179.jpg,very_lame
very_lame\180.jpg,very_lame
very_lame\181.jpg,very_lame
very_lame\182.jpg,very_lame
very_lame\183.jpg,very_lame
very_lame\184.jpg,very_lame
very_lame\185.jpg,very_lame
very_lame\186.jpg,very_lame
very_lame\187.jpg,very_lame
very_lame\188.jpg,very_lame
very_lame\189.jpg,very_lame
very_lame\190.jpg,very_lame
very_lame\191.jpg,very_lame
very_lame\192.jpg,very_lame
very_lame\193.jpg,very_lame
very_lame\194.jpg,very_lame
very_lame\195.jpg,very_lame
very_lame\196.jpg,very_lame
very_lame\197.jpg,very_lame
very_lame\198.jpg,very_lame
very_lame\198.jpg,very_lame
very_lame\199.jpg,very_lame
very_lame\199.jpg,very_lame
very_lame\200.jpg,very_lame
very_lame\200.jpg,very_lame
very_lame\201.jpg,very_lame
very_lame\201.jpg,very_lame
very_lame\202.jpg,very_lame
very_lame\202.jpg,very_lame
very_lame\203.jpg,very_lame
very_lame\203.jpg,very_lame
very_lame\204.jpg,very_lame
very_lame\205.jpg,very_lame
very_lame\206.jpg,very_lame
very_lame\207.jpg,very_lame
very_lame\208.jpg,very_lame
very_lame\209.jpg,very_lame
very_lame\210.jpg,very_lame
very_lame\211.jpg,very_lame
very_lame\212.jpg,very_lame
very_lame\213.jpg,very_lame
very_lame\213.jpg,very_lame
very_lame\214.jpg,very_lame
very_lame\214.jpg,very_lame
very_lame\215.jpg,very_lame
very_lame\216.jpg,very_lame
very_lame\216.jpg,very_lame
very_lame\217.jpg,very_lame
very_lame\217.jpg,very_lame
very_lame\218.jpg,very_lame
very_lame\218.jpg,very_lame
very_lame\219.jpg,very_lame
very_lame\220.jpg,very_lame
very_lame\221.jpg,very_lame
very_lame\221.jpg,very_lame
very_lame\222.jpg,very_lame
very_lame\222.jpg,very_lame
very_lame\223.jpg,very_lame
very_lame\224.jpg,very_lame
very_lame\225.jpg,very_lame
very_lame\226.jpg,very_lame
very_lame\227.jpg,very_lame
very_lame\228.jpg,very_lame
very_lame\229.jpg,very_lame
very_lame\230.jpg,very_lame
very_lame\231.jpg,very_lame
very_lame\232.jpg,very_lame
very_lame\233.jpg,very_lame
very_lame\234.jpg,very_lame
very_lame\235.jpg,very_lame
very_lame\236.jpg,very_lame
very_lame\237.jpg,very_lame
very_lame\238.jpg,very_lame
very_lame\239.jpg,very_lame
very_lame\240.jpg,very_lame
very_lame\241.jpg,very_lame
very_lame\242.jpg,very_lame
very_lame\243.jpg,very_lame
very_lame\244.jpg,very_lame
very_lame\245.jpg,very_lame
very_lame\246.jpg,very_lame
very_lame\247.jpg,very_lame
very_lame\248.jpg,very_lame
very_lame\249.jpg,very_lame
very_lame\250.jpg,very_lame
very_lame\251.jpg,very_lame
very_lame\252.jpg,very_lame
very_lame\253.jpg,very_lame
very_lame\254.jpg,very_lame
very_lame\255.jpg,very_lame
very_lame\256.jpg,very_lame
very_lame\257.jpg,very_lame
very_lame\258.jpg,very_lame
very_lame\259.jpg,very_lame
very_lame\260.jpg,very_lame
very_lame\261.jpg,very_lame
very_lame\262.jpg,very_lame
very_lame\263.jpg,very_lame
very_lame\264.jpg,very_lame
very_lame\265.jpg,very_lame
very_lame\266.jpg,very_lame
very_lame\267.jpg,very_lame
very_lame\268.jpg,very_lame
very_lame\269.jpg,very_lame
very_lame\270.jpg,very_lame
very_lame\271.jpg,very_lame
very_lame\272.jpg,very_lame
very_lame\273.jpg,very_lame
very_lame\274.jpg,very_lame
very_lame\275.jpg,very_lame
very_lame\276.jpg,very_lame
very_lame\277.jpg,very_lame
very_lame\278.jpg,very_lame
very_lame\279.jpg,very_lame
very_lame\280.jpg,very_lame
very_lame\281.jpg,very_lame
very_lame\282.jpg,very_lame
very_lame\283.jpg,very_lame
very_lame\284.jpg,very_lame
very_lame\285.jpg,very_lame
very_lame\286.jpg,very_lame
very_lame\287.jpg,very_lame
very_lame\288.jpg,very_lame
very_lame\289.jpg,very_lame
very_lame\290.jpg,very_lame
very_lame\291.jpg,very_lame
very_lame\292.jpg,very_lame
very_lame\293.jpg,very_lame
very_lame\294.jpg,very_lame
very_lame\295.jpg,very_lame
very_lame\296.jpg,very_lame
very_lame\297.jpg,very_lame
very_lame\298.jpg,very_lame
very_lame\299.jpg,very_lame
very_lame\300.jpg,very_lame
very_lame\301.jpg,very_lame
very_lame\302.jpg,very_lame
very_lame\303.jpg,very_lame
very_lame\304.jpg,very_lame
very_lame\305.jpg,very_lame
very_lame\306.jpg,very_lame
very_lame\307.jpg,very_lame
very_lame\308.jpg,very_lame
very_lame\309.jpg,very_lame
very_lame\310.jpg,very_lame
very_lame\311.jpg,very_lame
very_lame\312.jpg,very_lame
very_lame\313.jpg,very_lame
very_lame\314.jpg,very_lame
very_lame\315.jpg,very_lame
very_lame\316.jpg,very_lame
very_lame\317.jpg,very_lame
very_lame\318.jpg,very_lame
very_lame\319.jpg,very_lame
very_lame\320.jpg,very_lame
very_lame\321.jpg,very_lame
very_lame\322.jpg,very_lame
very_lame\323.jpg,very_lame
very_lame\324.jpg,very_lame
very_lame\325.jpg,very_lame
very_lame\326.jpg,very_lame
very_lame\327.jpg,very_lame
very_lame\328.jpg,very_lame
very_lame\329.jpg,very_lame
very_lame\330.jpg,very_lame
very_lame\331.jpg,very_lame
very_lame\332.jpg,very_lame
very_lame\333.jpg,very_lame
very_lame\334.jpg,very_lame
very_lame\335.jpg,very_lame
very_lame\336.jpg,very_lame
very_lame\337.jpg,very_lame
very_lame\338.jpg,very_lame
very_lame\339.jpg,very_lame
very_lame\340.jpg,very_lame
very_lame\341.jpg,very_lame
very_lame\342.jpg,very_lame
very_lame\343.jpg,very_lame
very_lame\344.jpg,very_lame
very_lame\345.jpg,very_lame
very_lame\346.jpg,very_lame
very_lame\347.jpg,very_lame
very_lame\348.jpg,very_lame
very_lame\349.jpg,very_lame
very_lame\350.jpg,very_lame
very_lame\351.jpg,very_lame
very_lame\352.jpg,very_lame
very_lame\353.jpg,very_lame
very_lame\354.jpg,very_lame
very_lame\355.jpg,very_lame
very_lame\356.jpg,very_lame
very_lame\357.jpg,very_lame
very_lame\358.jpg,very_lame
very_lame\359.jpg,very_lame
very_lame\360.jpg,very_lame
very_lame\361.jpg,very_lame
very_lame\362.jpg,very_lame
very_lame\363.jpg,very_lame
very_lame\364.jpg,very_lame
very_lame\365.jpg,very_lame
very_lame\366.jpg,very_lame
very_lame\367.jpg,very_lame
very_lame\368.jpg,very_lame
very_lame\369.jpg,very_lame
very_lame\370.jpg,very_lame
very_lame\371.jpg,very_lame
very_lame\372.jpg,very_lame
very_lame\373.jpg,very_lame
very_lame\374.jpg,very_lame
very_lame\375.jpg,very_lame
very_lame\376.jpg,very_lame
very_lame\377.jpg,very_lame
very_lame\378.jpg,very_lame
very_lame\379.jpg,very_lame
very_lame\380.jpg,very_lame
very_lame\381.jpg,very_lame
very_lame\382.jpg,very_lame
very_lame\383.jpg,very_lame
very_lame\384.jpg,very_lame
very_lame\385.jpg,very_lame
very_lame\386.jpg,very_lame
very_lame\387.jpg,very_lame
very_lame\388.jpg,very_lame
very_lame\389.jpg,very_lame
very_lame\390.jpg,very_lame
very_lame\391.jpg,very_lame
very_lame\392.jpg,very_lame
very_lame\393.jpg,very_lame
very_lame\394.jpg,very_lame
very_lame\395.jpg,very_lame
very_lame\396.jpg,very_lame
very_lame\397.jpg,very_lame
very_lame\398.jpg,very_lame
very_lame\399.jpg,very_lame
very_lame\400.jpg,very_lame
very_lame\401.jpg,very_lame
very_lame\402.jpg,very_lame
very_lame\403.jpg,very_lame
very_lame\404.jpg,very_lame
very_lame\405.jpg,very_lame
very_lame\406.jpg,very_lame
very_lame\407.jpg,very_lame
very_lame\408.jpg,very_lame
very_lame\409.jpg,very_lame
very_lame\410.jpg,very_lame
very_lame\411.jpg,very_lame
very_lame\412.jpg,very_lame
very_lame\413.jpg,very_lame
very_lame\414.jpg,very_lame
very_lame\415.jpg,very_lame
very_lame\416.jpg,very_lame
very_lame\417.jpg,very_lame
very_lame\418.jpg,very_lame
very_lame\419.jpg,very_lame
very_lame\420.jpg,very_lame
very_lame\421.jpg,very_lame
very_lame\422.jpg,very_lame
very_lame\423.jpg,very_lame
very_lame\424.jpg,very_lame
very_lame\425.jpg,very_lame
very_lame\426.jpg,very_lame
very_lame\427.jpg,very_lame
very_lame\428.jpg,very_lame
very_lame\429.jpg,very_lame
very_lame\430.jpg,very_lame
very_lame\431.jpg,very_lame
very_lame\432.jpg,very_lame
very_lame\433.jpg,very_lame
very_lame\434.jpg,very_lame
very_lame\435.jpg,very_lame
very_lame\436.jpg,very_lame
very_lame\437.jpg,very_lame
very_lame\438.jpg,very_lame
very_lame\439.jpg,very_lame
very_lame\440.jpg,very_lame
very_lame\441.jpg,very_lame
very_lame\442.jpg,very_lame
very_lame\443.jpg,very_lame
very_lame\444.jpg,very_lame
very_lame\445.jpg,very_lame
very_lame\446.jpg,very_lame
very_lame\447.jpg,very_lame
very_lame\448.jpg,very_lame
very_lame\449.jpg,very_lame
very_lame\450.jpg,very_lame
very_lame\451.jpg,very_lame
very_lame\452.jpg,very_lame
very_lame\453.jpg,very_lame
very_lame\454.jpg,very_lame
very_lame\455.jpg,very_lame
very_lame\456.jpg,very_lame
very_lame\457.jpg,very_lame
very_lame\458.jpg,very_lame
very_lame\459.jpg,very_lame
very_lame\460.jpg,very_lame
very_lame\461.jpg,very_lame
very_lame\462.jpg,very_lame
very_lame\463.jpg,very_lame
very_lame\464.jpg,very_lame
very_lame\465.jpg,very_lame
very_lame\466.jpg,very_lame
very_lame\467.jpg,very_lame
very_lame\468.jpg,very_lame
very_lame\469.jpg,very_lame
very_lame\470.jpg,very_lame
very_lame\471.jpg,very_lame
very_lame\472.jpg,very_lame
very_lame\473.jpg,very_lame
very_lame\474.jpg,very_lame
very_lame\475.jpg,very_lame
very_lame\476.jpg,very_lame
very_lame\477.jpg,very_lame
very_lame\478.jpg,very_lame
very_lame\479.jpg,very_lame
very_lame\480.jpg,very_lame
very_lame\481.jpg,very_lame
very_lame\482.jpg,very_lame
very_lame\483.jpg,very_lame
very_lame\484.jpg,very_lame
very_lame\485.jpg,very_lame
very_lame\486.jpg,very_lame
very_lame\487.jpg,very_lame
very_lame\488.jpg,very_lame
very_lame\489.jpg,very_lame
very_lame\490.jpg,very_lame
very_lame\491.jpg,very_lame
very_lame\492.jpg,very_lame
very_lame\493.jpg,very_lame
very_lame\494.jpg,very_lame
very_lame\495.jpg,very_lame
very_lame\496.jpg,very_lame
very_lame\497.jpg,very_lame
very_lame\498.jpg,very_lame
very_lame\499.jpg,very_lame
very_lame\500.jpg,very_lame
very_lame\501.jpg,very_lame
very_lame\502.jpg,very_lame
very_lame\503.jpg,very_lame
very_lame\504.jpg,very_lame
very_lame\505.jpg,very_lame
very_lame\506.jpg,very_lame
very_lame\507.jpg,very_lame
very_lame\508.jpg,very_lame
very_lame\509.jpg,very_lame
very_lame\510.jpg,very_lame
very_lame\511.jpg,very_lame
very_lame\512.jpg,very_lame
very_lame\513.jpg,very_lame
very_lame\514.jpg,very_lame
very_lame\515.jpg,very_lame
very_lame\516.jpg,very_lame
very_lame\517.jpg,very_lame
very_lame\518.jpg,very_lame
very_lame\519.jpg,very_lame
very_lame\520.jpg,very_lame
very_lame\521.jpg,very_lame
very_lame\522.jpg,very_lame
very_lame\523.jpg,very_lame
very_lame\524.jpg,very_lame
very_lame\525.jpg,very_lame
very_lame\526.jpg,very_lame
very_lame\527.jpg,very_lame
very_lame\528.jpg,very_lame
very_lame\529.jpg,very_lame
very_lame\530.jpg,very_lame
very_lame\531.jpg,very_lame
very_lame\531.jpg,very_lame
very_lame\532.jpg,very_lame
very_lame\532.jpg,very_lame
very_lame\533.jpg,very_lame
very_lame\533.jpg,very_lame
very_lame\534.jpg,very_lame
very_lame\535.jpg,very_lame
very_lame\536.jpg,very_lame
very_lame\537.jpg,very_lame
very_lame\538.jpg,very_lame
very_lame\539.jpg,very_lame
very_lame\539.jpg,very_lame
very_lame\540.jpg,very_lame
very_lame\540.jpg,very_lame
very_lame\541.jpg,very_lame
very_lame\541.jpg,very_lame
very_lame\542.jpg,very_lame
very_lame\542.jpg,very_lame
very_lame\543.jpg,very_lame
very_lame\543.jpg,very_lame
very_lame\544.jpg,very_lame
very_lame\544.jpg,very_lame
very_lame\545.jpg,very_lame
very_lame\546.jpg,very_lame
very_lame\547.jpg,very_lame
very_lame\548.jpg,very_lame
very_lame\549.jpg,very_lame
very_lame\550.jpg,very_lame
very_lame\551.jpg,very_lame
very_lame\552.jpg,very_lame
very_lame\553.jpg,very_lame
very_lame\645.jpg,very_lame
very_lame\646.jpg,very_lame
very_lame\647.jpg,very_lame
very_lame\648.jpg,very_lame
very_lame\649.jpg,very_lame
very_lame\650.jpg,very_lame
very_lame\651.jpg,very_lame
very_lame\652.jpg,very_lame
very_lame\653.jpg,very_lame
very_lame\653.jpg,very_lame
very_lame\654.jpg,very_lame
very_lame\654.jpg,very_lame
very_lame\655.jpg,very_lame
very_lame\655.jpg,very_lame
very_lame\656.jpg,very_lame
very_lame\656.jpg,very_lame
very_lame\657.jpg,very_lame
very_lame\657.jpg,very_lame
very_lame\658.jpg,very_lame
very_lame\658.jpg,very_lame
very_lame\659.jpg,very_lame
very_lame\660.jpg,very_lame
very_lame\661.jpg,very_lame
very_lame\662.jpg,very_lame
very_lame\663.jpg,very_lame
very_lame\664.jpg,very_lame
very_lame\665.jpg,very_lame
very_lame\666.jpg,very_lame
very_lame\667.jpg,very_lame
very_lame\668.jpg,very_lame
very_lame\669.jpg,very_lame
very_lame\670.jpg,very_lame
very_lame\671.jpg,very_lame
very_lame\672.jpg,very_lame
very_lame\673.jpg,very_lame
very_lame\674.jpg,very_lame
very_lame\675.jpg,very_lame
very_lame\676.jpg,very_lame
very_lame\677.jpg,very_lame
very_lame\678.jpg,very_lame
very_lame\679.jpg,very_lame
very_lame\680.jpg,very_lame
very_lame\681.jpg,very_lame
very_lame\682.jpg,very_lame
very_lame\683.jpg,very_lame
very_lame\684.jpg,very_lame
very_lame\685.jpg,very_lame
very_lame\686.jpg,very_lame
very_lame\687.jpg,very_lame
very_lame\688.jpg,very_lame
very_lame\689.jpg,very_lame
very_lame\690.jpg,very_lame
very_lame\691.jpg,very_lame
very_lame\692.jpg,very_lame
very_lame\693.jpg,very_lame
very_lame\694.jpg,very_lame
very_lame\695.jpg,very_lame
very_lame\696.jpg,very_lame
very_lame\697.jpg,very_lame
very_lame\698.jpg,very_lame
very_lame\699.jpg,very_lame
very_lame\700.jpg,very_lame
very_lame\701.jpg,very_lame
very_lame\702.jpg,very_lame
very_lame\703.jpg,very_lame
very_lame\704.jpg,very_lame
very_lame\705.jpg,very_lame
very_lame\706.jpg,very_lame
very_lame\707.jpg,very_lame
very_lame\708.jpg,very_lame
very_lame\709.jpg,very_lame
very_lame\710.jpg,very_lame
very_lame\711.jpg,very_lame
very_lame\712.jpg,very_lame
very_lame\713.jpg,very_lame
very_lame\714.jpg,very_lame
very_lame\715.jpg,very_lame
very_lame\715.jpg,very_lame
very_lame\716.jpg,very_lame
very_lame\716.jpg,very_lame
very_lame\717.jpg,very_lame
very_lame\718.jpg,very_lame
very_lame\719.jpg,very_lame
very_lame\719.jpg,very_lame
very_lame\720.jpg,very_lame
very_lame\721.jpg,very_lame
very_lame\721.jpg,very_lame
very_lame\722.jpg,very_lame
very_lame\723.jpg,very_lame
very_lame\724.jpg,very_lame
very_lame\724.jpg,very_lame
very_lame\725.jpg,very_lame
very_lame\726.jpg,very_lame
very_lame\727.jpg,very_lame
very_lame\728.jpg,very_lame
very_lame\728.jpg,very_lame
very_lame\729.jpg,very_lame
very_lame\729.jpg,very_lame
very_lame\730.jpg,very_lame
very_lame\730.jpg,very_lame
very_lame\731.jpg,very_lame
very_lame\731.jpg,very_lame
very_lame\732.jpg,very_lame
very_lame\732.jpg,very_lame
very_lame\733.jpg,very_lame
very_lame\733.jpg,very_lame
very_lame\734.jpg,very_lame
very_lame\734.jpg,very_lame
very_lame\735.jpg,very_lame
very_lame\735.jpg,very_lame
very_lame\736.jpg,very_lame
very_lame\737.jpg,very_lame
very_lame\737.jpg,very_lame
very_lame\738.jpg,very_lame
very_lame\738.jpg,very_lame
very_lame\739.jpg,very_lame
very_lame\739.jpg,very_lame
very_lame\740.jpg,very_lame
very_lame\741.jpg,very_lame
very_lame\742.jpg,very_lame
very_lame\743.jpg,very_lame
very_lame\744.jpg,very_lame
very_lame\745.jpg,very_lame
very_lame\746.jpg,very_lame
very_lame\747.jpg,very_lame
very_lame\748.jpg,very_lame
very_lame\749.jpg,very_lame
very_lame\750.jpg,very_lame
very_lame\751.jpg,very_lame
very_lame\752.jpg,very_lame
very_lame\753.jpg,very_lame
very_lame\754.jpg,very_lame
very_lame\755.jpg,very_lame
very_lame\756.jpg,very_lame
very_lame\757.jpg,very_lame
very_lame\758.jpg,very_lame
very_lame\759.jpg,very_lame
very_lame\760.jpg,very_lame
very_lame\761.jpg,very_lame
very_lame\762.jpg,very_lame
very_lame\763.jpg,very_lame
very_lame\764.jpg,very_lame
very_lame\765.jpg,very_lame
very_lame\766.jpg,very_lame
very_lame\767.jpg,very_lame
very_lame\768.jpg,very_lame
very_lame\769.jpg,very_lame
very_lame\770.jpg,very_lame
very_lame\771.jpg,very_lame
very_lame\772.jpg,very_lame
very_lame\773.jpg,very_lame
very_lame\774.jpg,very_lame
very_lame\775.jpg,very_lame
very_lame\776.jpg,very_lame
very_lame\777.jpg,very_lame
very_lame\778.jpg,very_lame
very_lame\779.jpg,very_lame
very_lame\780.jpg,very_lame
very_lame\781.jpg,very_lame
very_lame\782.jpg,very_lame
very_lame\783.jpg,very_lame
very_lame\784.jpg,very_lame
very_lame\785.jpg,very_lame
very_lame\786.jpg,very_lame
very_lame\787.jpg,very_lame
very_lame\788.jpg,very_lame
very_lame\789.jpg,very_lame
very_lame\790.jpg,very_lame
very_lame\791.jpg,very_lame
very_lame\792.jpg,very_lame
very_lame\793.jpg,very_lame
very_lame\794.jpg,very_lame
very_lame\795.jpg,very_lame
very_lame\796.jpg,very_lame
very_lame\797.jpg,very_lame
very_lame\798.jpg,very_lame
very_lame\799.jpg,very_lame
very_lame\800.jpg,very_lame
very_lame\801.jpg,very_lame
very_lame\802.jpg,very_lame
very_lame\803.jpg,very_lame
very_lame\804.jpg,very_lame
very_lame\805.jpg,very_lame
very_lame\806.jpg,very_lame
very_lame\807.jpg,very_lame
very_lame\808.jpg,very_lame
very_lame\809.jpg,very_lame
very_lame\810.jpg,very_lame
very_lame\811.jpg,very_lame
very_lame\812.jpg,very_lame
very_lame\813.jpg,very_lame
very_lame\814.jpg,very_lame
very_lame\815.jpg,very_lame
very_lame\816.jpg,very_lame
very_lame\817.jpg,very_lame
very_lame\818.jpg,very_lame
very_lame\819.jpg,very_lame
very_lame\820.jpg,very_lame
very_lame\821.jpg,very_lame
very_lame\822.jpg,very_lame
very_lame\823.jpg,very_lame
very_lame\824.jpg,very_lame
very_lame\825.jpg,very_lame
very_lame\826.jpg,very_lame
very_lame\827.jpg,very_lame
very_lame\828.jpg,very_lame
very_lame\829.jpg,very_lame
very_lame\830.jpg,very_lame
very_lame\831.jpg,very_lame
very_lame\832.jpg,very_lame
very_lame\833.jpg,very_lame
very_lame\834.jpg,very_lame
very_lame\835.jpg,very_lame
very_lame\836.jpg,very_lame
very_lame\837.jpg,very_lame
very_lame\838.jpg,very_lame
very_lame\839.jpg,very_lame
very_lame\840.jpg,very_lame
very_lame\841.jpg,very_lame
very_lame\842.jpg,very_lame
very_lame\843.jpg,very_lame
very_lame\844.jpg,very_lame
very_lame\845.jpg,very_lame
very_lame\846.jpg,very_lame
very_lame\847.jpg,very_lame
very_lame\848.jpg,very_lame
very_lame\849.jpg,very_lame
very_lame\850.jpg,very_lame
very_lame\851.jpg,very_lame
very_lame\852.jpg,very_lame
very_lame\853.jpg,very_lame
very_lame\854.jpg,very_lame
very_lame\855.jpg,very_lame
very_lame\856.jpg,very_lame
very_lame\857.jpg,very_lame
very_lame\858.jpg,very_lame
very_lame\859.jpg,very_lame
very_lame\860.jpg,very_lame
very_lame\861.jpg,very_lame
very_lame\862.jpg,very_lame
very_lame\863.jpg,very_lame
very_lame\864.jpg,very_lame
very_lame\865.jpg,very_lame
very_lame\866.jpg,very_lame
very_lame\867.jpg,very_lame
very_lame\868.jpg,very_lame
very_lame\869.jpg,very_lame
very_lame\870.jpg,very_lame
very_lame\871.jpg,very_lame
very_lame\872.jpg,very_lame
very_lame\873.jpg,very_lame
very_lame\874.jpg,very_lame
very_lame\875.jpg,very_lame
very_lame\876.jpg,very_lame
very_lame\877.jpg,very_lame
very_lame\878.jpg,very_lame
very_lame\879.jpg,very_lame
very_lame\880.jpg,very_lame
very_lame\881.jpg,very_lame
very_lame\882.jpg,very_lame
very_lame\883.jpg,very_lame
very_lame\884.jpg,very_lame
very_lame\885.jpg,very_lame
very_lame\886.jpg,very_lame
very_lame\887.jpg,very_lame
very_lame\888.jpg,very_lame
very_lame\889.jpg,very_lame
very_lame\890.jpg,very_lame
very_lame\891.jpg,very_lame
very_lame\892.jpg,very_lame
very_lame\893.jpg,very_lame
very_lame\894.jpg,very_lame
very_lame\895.jpg,very_lame
very_lame\896.jpg,very_lame
very_lame\897.jpg,very_lame
very_lame\898.jpg,very_lame
very_lame\899.jpg,very_lame
very_lame\900.jpg,very_lame
very_lame\901.jpg,very_lame
very_lame\902.jpg,very_lame
very_lame\903.jpg,very_lame
very_lame\904.jpg,very_lame
very_lame\905.jpg,very_lame
very_lame\906.jpg,very_lame
very_lame\907.jpg,very_lame
very_lame\908.jpg,very_lame
very_lame\909.jpg,very_lame
very_lame\910.jpg,very_lame
very_lame\911.jpg,very_lame
very_lame\912.jpg,very_lame
very_lame\913.jpg,very_lame
very_lame\914.jpg,very_lame
very_lame\915.jpg,very_lame
very_lame\916.jpg,very_lame
very_lame\0.jpg,very_lame
very_lame\1.jpg,very_lame
very_lame\2.jpg,very_lame
very_lame\3.jpg,very_lame
very_lame\4.jpg,very_lame
very_lame\5.jpg,very_lame
very_lame\6.jpg,very_lame
very_lame\7.jpg,very_lame
very_lame\8.jpg,very_lame
very_lame\9.jpg,very_lame
very_lame\10.jpg,very_lame
very_lame\11.jpg,very_lame
very_lame\12.jpg,very_lame
very_lame\13.jpg,very_lame
very_lame\14.jpg,very_lame
very_lame\15.jpg,very_lame
very_lame\16.jpg,very_lame
very_lame\17.jpg,very_lame
very_lame\18.jpg,very_lame
very_lame\19.jpg,very_lame
very_lame\20.jpg,very_lame
very_lame\21.jpg,very_lame
very_lame\22.jpg,very_lame
very_lame\23.jpg,very_lame
very_lame\24.jpg,very_lame
very_lame\25.jpg,very_lame
very_lame\26.jpg,very_lame
very_lame\27.jpg,very_lame
very_lame\28.jpg,very_lame
very_lame\29.jpg,very_lame
very_lame\30.jpg,very_lame
very_lame\31.jpg,very_lame
very_lame\32.jpg,very_lame
very_lame\33.jpg,very_lame
very_lame\34.jpg,very_lame
very_lame\35.jpg,very_lame
very_lame\36.jpg,very_lame
very_lame\37.jpg,very_lame
very_lame\38.jpg,very_lame
very_lame\39.jpg,very_lame
very_lame\40.jpg,very_lame
very_lame\41.jpg,very_lame
very_lame\42.jpg,very_lame
very_lame\43.jpg,very_lame
very_lame\44.jpg,very_lame
very_lame\45.jpg,very_lame
very_lame\46.jpg,very_lame
very_lame\47.jpg,very_lame
very_lame\48.jpg,very_lame
very_lame\49.jpg,very_lame
very_lame\50.jpg,very_lame
very_lame\51.jpg,very_lame
very_lame\52.jpg,very_lame
very_lame\53.jpg,very_lame
very_lame\54.jpg,very_lame
very_lame\55.jpg,very_lame
very_lame\56.jpg,very_lame
very_lame\57.jpg,very_lame
very_lame\58.jpg,very_lame
very_lame\59.jpg,very_lame
very_lame\60.jpg,very_lame
very_lame\61.jpg,very_lame
very_lame\62.jpg,very_lame
very_lame\63.jpg,very_lame
very_lame\64.jpg,very_lame
very_lame\65.jpg,very_lame
very_lame\66.jpg,very_lame
very_lame\67.jpg,very_lame
very_lame\68.jpg,very_lame
very_lame\69.jpg,very_lame
very_lame\70.jpg,very_lame
very_lame\71.jpg,very_lame
very_lame\72.jpg,very_lame
very_lame\73.jpg,very_lame
very_lame\74.jpg,very_lame
very_lame\75.jpg,very_lame
very_lame\76.jpg,very_lame
very_lame\77.jpg,very_lame
very_lame\78.jpg,very_lame
very_lame\79.jpg,very_lame
very_lame\80.jpg,very_lame
very_lame\81.jpg,very_lame
very_lame\82.jpg,very_lame
very_lame\83.jpg,very_lame
very_lame\84.jpg,very_lame
very_lame\85.jpg,very_lame
very_lame\86.jpg,very_lame
very_lame\87.jpg,very_lame
very_lame\88.jpg,very_lame
very_lame\89.jpg,very_lame
very_lame\90.jpg,very_lame
very_lame\91.jpg,very_lame
very_lame\92.jpg,very_lame
very_lame\93.jpg,very_lame
very_lame\94.jpg,very_lame
very_lame\95.jpg,very_lame
very_lame\96.jpg,very_lame
very_lame\97.jpg,very_lame
very_lame\98.jpg,very_lame
very_lame\99.jpg,very_lame
very_lame\100.jpg,very_lame
very_lame\101.jpg,very_lame
very_lame\102.jpg,very_lame
very_lame\103.jpg,very_lame
very_lame\104.jpg,very_lame
very_lame\105.jpg,very_lame
very_lame\106.jpg,very_lame
very_lame\107.jpg,very_lame
very_lame\108.jpg,very_lame
very_lame\109.jpg,very_lame
very_lame\110.jpg,very_lame
very_lame\111.jpg,very_lame
very_lame\112.jpg,very_lame
very_lame\113.jpg,very_lame
very_lame\114.jpg,very_lame
very_lame\115.jpg,very_lame
very_lame\116.jpg,very_lame
very_lame\117.jpg,very_lame
very_lame\118.jpg,very_lame
very_lame\119.jpg,very_lame
very_lame\120.jpg,very_lame
very_lame\121.jpg,very_lame
very_lame\122.jpg,very_lame
very_lame\123.jpg,very_lame
very_lame\124.jpg,very_lame
very_lame\125.jpg,very_lame
very_lame\126.jpg,very_lame
very_lame\127.jpg,very_lame
very_lame\128.jpg,very_lame
very_lame\129.jpg,very_lame
very_lame\130.jpg,very_lame
very_lame\131.jpg,very_lame
very_lame\132.jpg,very_lame
very_lame\133.jpg,very_lame
very_lame\134.jpg,very_lame
very_lame\135.jpg,very_lame
very_lame\136.jpg,very_lame
very_lame\137.jpg,very_lame
very_lame\138.jpg,very_lame
very_lame\139.jpg,very_lame
very_lame\140.jpg,very_lame
very_lame\141.jpg,very_lame
very_lame\142.jpg,very_lame
very_lame\143.jpg,very_lame
very_lame\143.jpg,very_lame
very_lame\144.jpg,very_lame
very_lame\145.jpg,very_lame
very_lame\146.jpg,very_lame
very_lame\147.jpg,very_lame
very_lame\148.jpg,very_lame
very_lame\148.jpg,very_lame
very_lame\149.jpg,very_lame
very_lame\149.jpg,very_lame
very_lame\150.jpg,very_lame
very_lame\151.jpg,very_lame
very_lame\152.jpg,very_lame
very_lame\153.jpg,very_lame
very_lame\154.jpg,very_lame
very_lame\154.jpg,very_lame
very_lame\155.jpg,very_lame
very_lame\155.jpg,very_lame
very_lame\156.jpg,very_lame
very_lame\156.jpg,very_lame
very_lame\157.jpg,very_lame
very_lame\157.jpg,very_lame
very_lame\158.jpg,very_lame
very_lame\159.jpg,very_lame
very_lame\160.jpg,very_lame
very_lame\160.jpg,very_lame
very_lame\161.jpg,very_lame
very_lame\161.jpg,very_lame
very_lame\162.jpg,very_lame
very_lame\163.jpg,very_lame
very_lame\164.jpg,very_lame
very_lame\165.jpg,very_lame
very_lame\166.jpg,very_lame
very_lame\167.jpg,very_lame
very_lame\168.jpg,very_lame
very_lame\169.jpg,very_lame
very_lame\170.jpg,very_lame
very_lame\171.jpg,very_lame
very_lame\172.jpg,very_lame
very_lame\173.jpg,very_lame
very_lame\173.jpg,very_lame
very_lame\174.jpg,very_lame
very_lame\175.jpg,very_lame
very_lame\176.jpg,very_lame
very_lame\177.jpg,very_lame
very_lame\178.jpg,very_lame
very_lame\179.jpg,very_lame
very_lame\180.jpg,very_lame
very_lame\181.jpg,very_lame
very_lame\182.jpg,very_lame
very_lame\183.jpg,very_lame
very_lame\184.jpg,very_lame
very_lame\185.jpg,very_lame
very_lame\186.jpg,very_lame
very_lame\187.jpg,very_lame
very_lame\188.jpg,very_lame
very_lame\189.jpg,very_lame
very_lame\190.jpg,very_lame
very_lame\191.jpg,very_lame
very_lame\192.jpg,very_lame
very_lame\193.jpg,very_lame
very_lame\194.jpg,very_lame
very_lame\195.jpg,very_lame
very_lame\196.jpg,very_lame
very_lame\197.jpg,very_lame
very_lame\198.jpg,very_lame
very_lame\199.jpg,very_lame
very_lame\200.jpg,very_lame
very_lame\201.jpg,very_lame
very_lame\202.jpg,very_lame
very_lame\203.jpg,very_lame
very_lame\204.jpg,very_lame
very_lame\205.jpg,very_lame
very_lame\206.jpg,very_lame
very_lame\207.jpg,very_lame
very_lame\208.jpg,very_lame
very_lame\209.jpg,very_lame
very_lame\210.jpg,very_lame
very_lame\211.jpg,very_lame
very_lame\212.jpg,very_lame
very_lame\213.jpg,very_lame
very_lame\213.jpg,very_lame
very_lame\214.jpg,very_lame
very_lame\214.jpg,very_lame
very_lame\215.jpg,very_lame
very_lame\215.jpg,very_lame
very_lame\216.jpg,very_lame
very_lame\216.jpg,very_lame
very_lame\217.jpg,very_lame
very_lame\217.jpg,very_lame
very_lame\218.jpg,very_lame
very_lame\218.jpg,very_lame
very_lame\219.jpg,very_lame
very_lame\220.jpg,very_lame
very_lame\221.jpg,very_lame
very_lame\222.jpg,very_lame
very_lame\223.jpg,very_lame
very_lame\224.jpg,very_lame
very_lame\225.jpg,very_lame
very_lame\226.jpg,very_lame
very_lame\227.jpg,very_lame
very_lame\228.jpg,very_lame
very_lame\229.jpg,very_lame
very_lame\230.jpg,very_lame
very_lame\231.jpg,very_lame
very_lame\232.jpg,very_lame
very_lame\233.jpg,very_lame
very_lame\234.jpg,very_lame
very_lame\235.jpg,very_lame
very_lame\236.jpg,very_lame
very_lame\237.jpg,very_lame
very_lame\238.jpg,very_lame
very_lame\239.jpg,very_lame
very_lame\240.jpg,very_lame
very_lame\241.jpg,very_lame
very_lame\242.jpg,very_lame
very_lame\243.jpg,very_lame
very_lame\244.jpg,very_lame
very_lame\245.jpg,very_lame
very_lame\246.jpg,very_lame
very_lame\247.jpg,very_lame
very_lame\248.jpg,very_lame
very_lame\249.jpg,very_lame
very_lame\250.jpg,very_lame
very_lame\251.jpg,very_lame
very_lame\252.jpg,very_lame
very_lame\253.jpg,very_lame
very_lame\254.jpg,very_lame
very_lame\255.jpg,very_lame
very_lame\256.jpg,very_lame
very_lame\256.jpg,very_lame
very_lame\257.jpg,very_lame
very_lame\257.jpg,very_lame
very_lame\258.jpg,very_lame
very_lame\258.jpg,very_lame
very_lame\259.jpg,very_lame
very_lame\259.jpg,very_lame
very_lame\260.jpg,very_lame
very_lame\260.jpg,very_lame
very_lame\261.jpg,very_lame
very_lame\261.jpg,very_lame
very_lame\262.jpg,very_lame
very_lame\262.jpg,very_lame
very_lame\263.jpg,very_lame
very_lame\263.jpg,very_lame
very_lame\264.jpg,very_lame
very_lame\264.jpg,very_lame
very_lame\265.jpg,very_lame
very_lame\265.jpg,very_lame
very_lame\266.jpg,very_lame
very_lame\266.jpg,very_lame
very_lame\267.jpg,very_lame
very_lame\268.jpg,very_lame
very_lame\268.jpg,very_lame
very_lame\269.jpg,very_lame
very_lame\269.jpg,very_lame
very_lame\270.jpg,very_lame
very_lame\270.jpg,very_lame
very_lame\271.jpg,very_lame
very_lame\271.jpg,very_lame
very_lame\272.jpg,very_lame
very_lame\272.jpg,very_lame
very_lame\273.jpg,very_lame
very_lame\273.jpg,very_lame
very_lame\274.jpg,very_lame
very_lame\274.jpg,very_lame
very_lame\275.jpg,very_lame
very_lame\275.jpg,very_lame
very_lame\276.jpg,very_lame
very_lame\276.jpg,very_lame
very_lame\277.jpg,very_lame
very_lame\277.jpg,very_lame
very_lame\278.jpg,very_lame
very_lame\278.jpg,very_lame
very_lame\279.jpg,very_lame
very_lame\280.jpg,very_lame
very_lame\280.jpg,very_lame
very_lame\281.jpg,very_lame
very_lame\281.jpg,very_lame
very_lame\282.jpg,very_lame
very_lame\282.jpg,very_lame
very_lame\283.jpg,very_lame
very_lame\283.jpg,very_lame
very_lame\284.jpg,very_lame
very_lame\285.jpg,very_lame
very_lame\285.jpg,very_lame
very_lame\286.jpg,very_lame
very_lame\286.jpg,very_lame
very_lame\287.jpg,very_lame
very_lame\287.jpg,very_lame
very_lame\288.jpg,very_lame
very_lame\289.jpg,very_lame
very_lame\290.jpg,very_lame
very_lame\290.jpg,very_lame
very_lame\291.jpg,very_lame
very_lame\291.jpg,very_lame
very_lame\292.jpg,very_lame
very_lame\292.jpg,very_lame
very_lame\293.jpg,very_lame
very_lame\293.jpg,very_lame
very_lame\294.jpg,very_lame
very_lame\294.jpg,very_lame
very_lame\295.jpg,very_lame
very_lame\295.jpg,very_lame
very_lame\296.jpg,very_lame
very_lame\296.jpg,very_lame
very_lame\297.jpg,very_lame
very_lame\297.jpg,very_lame
very_lame\298.jpg,very_lame
very_lame\299.jpg,very_lame
very_lame\300.jpg,very_lame
very_lame\301.jpg,very_lame
very_lame\302.jpg,very_lame
very_lame\303.jpg,very_lame
very_lame\303.jpg,very_lame
very_lame\304.jpg,very_lame
very_lame\305.jpg,very_lame
very_lame\306.jpg,very_lame
very_lame\306.jpg,very_lame
very_lame\307.jpg,very_lame
very_lame\307.jpg,very_lame
very_lame\308.jpg,very_lame
very_lame\308.jpg,very_lame
very_lame\309.jpg,very_lame
very_lame\309.jpg,very_lame
very_lame\310.jpg,very_lame
very_lame\310.jpg,very_lame
very_lame\311.jpg,very_lame
very_lame\311.jpg,very_lame
very_lame\312.jpg,very_lame
very_lame\312.jpg,very_lame
very_lame\313.jpg,very_lame
very_lame\313.jpg,very_lame
very_lame\314.jpg,very_lame
very_lame\314.jpg,very_lame
very_lame\315.jpg,very_lame
very_lame\315.jpg,very_lame
very_lame\316.jpg,very_lame
very_lame\316.jpg,very_lame
very_lame\317.jpg,very_lame
very_lame\317.jpg,very_lame
very_lame\318.jpg,very_lame
very_lame\318.jpg,very_lame
very_lame\319.jpg,very_lame
very_lame\319.jpg,very_lame
very_lame\320.jpg,very_lame
very_lame\320.jpg,very_lame
very_lame\321.jpg,very_lame
very_lame\321.jpg,very_lame
very_lame\322.jpg,very_lame
very_lame\322.jpg,very_lame
very_lame\323.jpg,very_lame
very_lame\323.jpg,very_lame
very_lame\324.jpg,very_lame
very_lame\324.jpg,very_lame
very_lame\325.jpg,very_lame
very_lame\325.jpg,very_lame
very_lame\326.jpg,very_lame
very_lame\326.jpg,very_lame
very_lame\327.jpg,very_lame
very_lame\327.jpg,very_lame
very_lame\328.jpg,very_lame
very_lame\328.jpg,very_lame
very_lame\329.jpg,very_lame
very_lame\329.jpg,very_lame
very_lame\330.jpg,very_lame
very_lame\330.jpg,very_lame
very_lame\331.jpg,very_lame
very_lame\332.jpg,very_lame
very_lame\332.jpg,very_lame
very_lame\333.jpg,very_lame
very_lame\333.jpg,very_lame
very_lame\334.jpg,very_lame
very_lame\334.jpg,very_lame
very_lame\335.jpg,very_lame
very_lame\335.jpg,very_lame
very_lame\336.jpg,very_lame
very_lame\336.jpg,very_lame
very_lame\337.jpg,very_lame
very_lame\337.jpg,very_lame
very_lame\338.jpg,very_lame
very_lame\338.jpg,very_lame
very_lame\339.jpg,very_lame
very_lame\339.jpg,very_lame
very_lame\340.jpg,very_lame
very_lame\340.jpg,very_lame
very_lame\341.jpg,very_lame
very_lame\341.jpg,very_lame
very_lame\342.jpg,very_lame
very_lame\342.jpg,very_lame
very_lame\343.jpg,very_lame
very_lame\343.jpg,very_lame
very_lame\344.jpg,very_lame
very_lame\344.jpg,very_lame
very_lame\345.jpg,very_lame
very_lame\345.jpg,very_lame
very_lame\346.jpg,very_lame
very_lame\346.jpg,very_lame
very_lame\347.jpg,very_lame
very_lame\347.jpg,very_lame
very_lame\348.jpg,very_lame
very_lame\348.jpg,very_lame
very_lame\349.jpg,very_lame
very_lame\349.jpg,very_lame
very_lame\350.jpg,very_lame
very_lame\350.jpg,very_lame
very_lame\351.jpg,very_lame
very_lame\351.jpg,very_lame
very_lame\352.jpg,very_lame
very_lame\353.jpg,very_lame
very_lame\354.jpg,very_lame
very_lame\355.jpg,very_lame
very_lame\356.jpg,very_lame
very_lame\357.jpg,very_lame
very_lame\358.jpg,very_lame
very_lame\359.jpg,very_lame
very_lame\360.jpg,very_lame
very_lame\361.jpg,very_lame
very_lame\362.jpg,very_lame
very_lame\363.jpg,very_lame
very_lame\364.jpg,very_lame
very_lame\365.jpg,very_lame
very_lame\366.jpg,very_lame
very_lame\367.jpg,very_lame
very_lame\368.jpg,very_lame
very_lame\369.jpg,very_lame
very_lame\370.jpg,very_lame
very_lame\371.jpg,very_lame
very_lame\372.jpg,very_lame
very_lame\373.jpg,very_lame
very_lame\374.jpg,very_lame
very_lame\375.jpg,very_lame
very_lame\376.jpg,very_lame
very_lame\377.jpg,very_lame
very_lame\378.jpg,very_lame
very_lame\379.jpg,very_lame
very_lame\380.jpg,very_lame
very_lame\381.jpg,very_lame
very_lame\382.jpg,very_lame
very_lame\383.jpg,very_lame
very_lame\384.jpg,very_lame
very_lame\385.jpg,very_lame
very_lame\386.jpg,very_lame
very_lame\387.jpg,very_lame
very_lame\388.jpg,very_lame
very_lame\389.jpg,very_lame
very_lame\390.jpg,very_lame
very_lame\391.jpg,very_lame
very_lame\392.jpg,very_lame
very_lame\393.jpg,very_lame
very_lame\394.jpg,very_lame
very_lame\395.jpg,very_lame
very_lame\396.jpg,very_lame
very_lame\397.jpg,very_lame
very_lame\398.jpg,very_lame
very_lame\399.jpg,very_lame
very_lame\400.jpg,very_lame
very_lame\401.jpg,very_lame
very_lame\402.jpg,very_lame
very_lame\403.jpg,very_lame
very_lame\404.jpg,very_lame
very_lame\405.jpg,very_lame
very_lame\406.jpg,very_lame
very_lame\407.jpg,very_lame
very_lame\408.jpg,very_lame
very_lame\409.jpg,very_lame
very_lame\410.jpg,very_lame
very_lame\411.jpg,very_lame
very_lame\412.jpg,very_lame
very_lame\413.jpg,very_lame
very_lame\414.jpg,very_lame
very_lame\415.jpg,very_lame
very_lame\416.jpg,very_lame
very_lame\417.jpg,very_lame
very_lame\418.jpg,very_lame
very_lame\419.jpg,very_lame
very_lame\420.jpg,very_lame
very_lame\421.jpg,very_lame
very_lame\422.jpg,very_lame
very_lame\423.jpg,very_lame
very_lame\424.jpg,very_lame
very_lame\425.jpg,very_lame
very_lame\426.jpg,very_lame
very_lame\427.jpg,very_lame
very_lame\428.jpg,very_lame
very_lame\429.jpg,very_lame
very_lame\430.jpg,very_lame
very_lame\431.jpg,very_lame
very_lame\432.jpg,very_lame
very_lame\433.jpg,very_lame
very_lame\434.jpg,very_lame
very_lame\435.jpg,very_lame
very_lame\436.jpg,very_lame
very_lame\437.jpg,very_lame
very_lame\438.jpg,very_lame
very_lame\439.jpg,very_lame
very_lame\440.jpg,very_lame
very_lame\441.jpg,very_lame
very_lame\442.jpg,very_lame
very_lame\443.jpg,very_lame
very_lame\444.jpg,very_lame
very_lame\445.jpg,very_lame
very_lame\446.jpg,very_lame
very_lame\447.jpg,very_lame
very_lame\448.jpg,very_lame
very_lame\449.jpg,very_lame
very_lame\450.jpg,very_lame
very_lame\451.jpg,very_lame
very_lame\452.jpg,very_lame
very_lame\453.jpg,very_lame
very_lame\454.jpg,very_lame
very_lame\455.jpg,very_lame
very_lame\456.jpg,very_lame
very_lame\457.jpg,very_lame
very_lame\458.jpg,very_lame
very_lame\459.jpg,very_lame
very_lame\460.jpg,very_lame
very_lame\461.jpg,very_lame
very_lame\462.jpg,very_lame
very_lame\463.jpg,very_lame
very_lame\464.jpg,very_lame
very_lame\465.jpg,very_lame
very_lame\466.jpg,very_lame
very_lame\467.jpg,very_lame
very_lame\468.jpg,very_lame
very_lame\469.jpg,very_lame
very_lame\470.jpg,very_lame
very_lame\471.jpg,very_lame
very_lame\472.jpg,very_lame
very_lame\473.jpg,very_lame
very_lame\474.jpg,very_lame
very_lame\475.jpg,very_lame
very_lame\476.jpg,very_lame
very_lame\477.jpg,very_lame
very_lame\478.jpg,very_lame
very_lame\479.jpg,very_lame
very_lame\480.jpg,very_lame
very_lame\481.jpg,very_lame
very_lame\482.jpg,very_lame
very_lame\483.jpg,very_lame
very_lame\484.jpg,very_lame
very_lame\485.jpg,very_lame
very_lame\486.jpg,very_lame
very_lame\487.jpg,very_lame
very_lame\488.jpg,very_lame
very_lame\489.jpg,very_lame
very_lame\490.jpg,very_lame
very_lame\491.jpg,very_lame
very_lame\492.jpg,very_lame
very_lame\493.jpg,very_lame
very_lame\494.jpg,very_lame
very_lame\495.jpg,very_lame
very_lame\496.jpg,very_lame
very_lame\497.jpg,very_lame
very_lame\498.jpg,very_lame
very_lame\499.jpg,very_lame
very_lame\500.jpg,very_lame
very_lame\501.jpg,very_lame
very_lame\502.jpg,very_lame
very_lame\503.jpg,very_lame
very_lame\504.jpg,very_lame
very_lame\505.jpg,very_lame
very_lame\506.jpg,very_lame
very_lame\507.jpg,very_lame
very_lame\508.jpg,very_lame
very_lame\509.jpg,very_lame
very_lame\510.jpg,very_lame
very_lame\511.jpg,very_lame
very_lame\512.jpg,very_lame
very_lame\513.jpg,very_lame
very_lame\514.jpg,very_lame
very_lame\515.jpg,very_lame
very_lame\516.jpg,very_lame
very_lame\517.jpg,very_lame
very_lame\518.jpg,very_lame
very_lame\519.jpg,very_lame
very_lame\520.jpg,very_lame
very_lame\521.jpg,very_lame
very_lame\522.jpg,very_lame
very_lame\523.jpg,very_lame
very_lame\524.jpg,very_lame
very_lame\525.jpg,very_lame
very_lame\526.jpg,very_lame
very_lame\526.jpg,very_lame
very_lame\527.jpg,very_lame
very_lame\527.jpg,very_lame
very_lame\528.jpg,very_lame
very_lame\528.jpg,very_lame
very_lame\529.jpg,very_lame
very_lame\529.jpg,very_lame
very_lame\530.jpg,very_lame
very_lame\530.jpg,very_lame
very_lame\531.jpg,very_lame
very_lame\531.jpg,very_lame
very_lame\532.jpg,very_lame
very_lame\532.jpg,very_lame
very_lame\533.jpg,very_lame
very_lame\533.jpg,very_lame
very_lame\534.jpg,very_lame
very_lame\534.jpg,very_lame
very_lame\535.jpg,very_lame
very_lame\535.jpg,very_lame
very_lame\536.jpg,very_lame
very_lame\536.jpg,very_lame
very_lame\537.jpg,very_lame
very_lame\537.jpg,very_lame
very_lame\538.jpg,very_lame
very_lame\538.jpg,very_lame
very_lame\539.jpg,very_lame
very_lame\539.jpg,very_lame
very_lame\540.jpg,very_lame
very_lame\540.jpg,very_lame
very_lame\541.jpg,very_lame
very_lame\541.jpg,very_lame
very_lame\542.jpg,very_lame
very_lame\542.jpg,very_lame
very_lame\543.jpg,very_lame
very_lame\543.jpg,very_lame
very_lame\544.jpg,very_lame
very_lame\544.jpg,very_lame
very_lame\545.jpg,very_lame
very_lame\545.jpg,very_lame
very_lame\546.jpg,very_lame
very_lame\546.jpg,very_lame
very_lame\547.jpg,very_lame
very_lame\547.jpg,very_lame
very_lame\548.jpg,very_lame
very_lame\549.jpg,very_lame
very_lame\550.jpg,very_lame
very_lame\551.jpg,very_lame
very_lame\552.jpg,very_lame
very_lame\553.jpg,very_lame
very_lame\554.jpg,very_lame
very_lame\555.jpg,very_lame
very_lame\643.jpg,very_lame
very_lame\644.jpg,very_lame
very_lame\645.jpg,very_lame
very_lame\646.jpg,very_lame
very_lame\647.jpg,very_lame
very_lame\648.jpg,very_lame
very_lame\649.jpg,very_lame
very_lame\650.jpg,very_lame
very_lame\651.jpg,very_lame
very_lame\652.jpg,very_lame
very_lame\653.jpg,very_lame
very_lame\654.jpg,very_lame
very_lame\655.jpg,very_lame
very_lame\656.jpg,very_lame
very_lame\657.jpg,very_lame
very_lame\658.jpg,very_lame
very_lame\659.jpg,very_lame
very_lame\660.jpg,very_lame
very_lame\661.jpg,very_lame
very_lame\662.jpg,very_lame
very_lame\663.jpg,very_lame
very_lame\664.jpg,very_lame
very_lame\665.jpg,very_lame
very_lame\666.jpg,very_lame
very_lame\667.jpg,very_lame
very_lame\668.jpg,very_lame
very_lame\669.jpg,very_lame
very_lame\670.jpg,very_lame
very_lame\671.jpg,very_lame
very_lame\672.jpg,very_lame
very_lame\673.jpg,very_lame
very_lame\674.jpg,very_lame
very_lame\675.jpg,very_lame
very_lame\676.jpg,very_lame
very_lame\677.jpg,very_lame
very_lame\678.jpg,very_lame
very_lame\679.jpg,very_lame
very_lame\680.jpg,very_lame
very_lame\681.jpg,very_lame
very_lame\682.jpg,very_lame
very_lame\683.jpg,very_lame
very_lame\684.jpg,very_lame
very_lame\685.jpg,very_lame
very_lame\686.jpg,very_lame
very_lame\687.jpg,very_lame
very_lame\688.jpg,very_lame
very_lame\689.jpg,very_lame
very_lame\690.jpg,very_lame
very_lame\691.jpg,very_lame
very_lame\692.jpg,very_lame
very_lame\693.jpg,very_lame
very_lame\694.jpg,very_lame
very_lame\695.jpg,very_lame
very_lame\696.jpg,very_lame
very_lame\697.jpg,very_lame
very_lame\698.jpg,very_lame
very_lame\699.jpg,very_lame
very_lame\700.jpg,very_lame
very_lame\701.jpg,very_lame
very_lame\702.jpg,very_lame
very_lame\703.jpg,very_lame
very_lame\704.jpg,very_lame
very_lame\705.jpg,very_lame
very_lame\706.jpg,very_lame
very_lame\707.jpg,very_lame
very_lame\708.jpg,very_lame
very_lame\709.jpg,very_lame
very_lame\709.jpg,very_lame
very_lame\710.jpg,very_lame
very_lame\710.jpg,very_lame
very_lame\711.jpg,very_lame
very_lame\711.jpg,very_lame
very_lame\712.jpg,very_lame
very_lame\712.jpg,very_lame
very_lame\713.jpg,very_lame
very_lame\713.jpg,very_lame
very_lame\714.jpg,very_lame
very_lame\714.jpg,very_lame
very_lame\715.jpg,very_lame
very_lame\715.jpg,very_lame
very_lame\716.jpg,very_lame
very_lame\716.jpg,very_lame
very_lame\717.jpg,very_lame
very_lame\718.jpg,very_lame
very_lame\719.jpg,very_lame
very_lame\720.jpg,very_lame
very_lame\721.jpg,very_lame
very_lame\722.jpg,very_lame
very_lame\723.jpg,very_lame
very_lame\724.jpg,very_lame
very_lame\724.jpg,very_lame
very_lame\725.jpg,very_lame
very_lame\726.jpg,very_lame
very_lame\726.jpg,very_lame
very_lame\727.jpg,very_lame
very_lame\728.jpg,very_lame
very_lame\728.jpg,very_lame
very_lame\729.jpg,very_lame
very_lame\729.jpg,very_lame
very_lame\730.jpg,very_lame
very_lame\730.jpg,very_lame
very_lame\731.jpg,very_lame
very_lame\731.jpg,very_lame
very_lame\732.jpg,very_lame
very_lame\732.jpg,very_lame
very_lame\733.jpg,very_lame
very_lame\733.jpg,very_lame
very_lame\734.jpg,very_lame
very_lame\735.jpg,very_lame
very_lame\736.jpg,very_lame
very_lame\737.jpg,very_lame
very_lame\738.jpg,very_lame
very_lame\739.jpg,very_lame
very_lame\740.jpg,very_lame
very_lame\741.jpg,very_lame
very_lame\742.jpg,very_lame
very_lame\743.jpg,very_lame
very_lame\744.jpg,very_lame
very_lame\745.jpg,very_lame
very_lame\746.jpg,very_lame
very_lame\747.jpg,very_lame
very_lame\748.jpg,very_lame
very_lame\749.jpg,very_lame
very_lame\750.jpg,very_lame
very_lame\751.jpg,very_lame
very_lame\752.jpg,very_lame
very_lame\753.jpg,very_lame
very_lame\754.jpg,very_lame
very_lame\755.jpg,very_lame
very_lame\756.jpg,very_lame
very_lame\757.jpg,very_lame
very_lame\758.jpg,very_lame
very_lame\759.jpg,very_lame
very_lame\760.jpg,very_lame
very_lame\761.jpg,very_lame
very_lame\762.jpg,very_lame
very_lame\763.jpg,very_lame
very_lame\764.jpg,very_lame
very_lame\765.jpg,very_lame
very_lame\766.jpg,very_lame
very_lame\767.jpg,very_lame
very_lame\768.jpg,very_lame
very_lame\769.jpg,very_lame
very_lame\770.jpg,very_lame
very_lame\771.jpg,very_lame
very_lame\772.jpg,very_lame
very_lame\773.jpg,very_lame
very_lame\774.jpg,very_lame
very_lame\775.jpg,very_lame
very_lame\776.jpg,very_lame
very_lame\777.jpg,very_lame
very_lame\778.jpg,very_lame
very_lame\779.jpg,very_lame
very_lame\780.jpg,very_lame
very_lame\781.jpg,very_lame
very_lame\782.jpg,very_lame
very_lame\783.jpg,very_lame
very_lame\784.jpg,very_lame
very_lame\785.jpg,very_lame
very_lame\786.jpg,very_lame
very_lame\787.jpg,very_lame
very_lame\788.jpg,very_lame
very_lame\789.jpg,very_lame
very_lame\790.jpg,very_lame
very_lame\791.jpg,very_lame
very_lame\792.jpg,very_lame
very_lame\793.jpg,very_lame
very_lame\794.jpg,very_lame
very_lame\795.jpg,very_lame
very_lame\796.jpg,very_lame
very_lame\797.jpg,very_lame
very_lame\798.jpg,very_lame
very_lame\799.jpg,very_lame
very_lame\800.jpg,very_lame
very_lame\801.jpg,very_lame
very_lame\802.jpg,very_lame
very_lame\803.jpg,very_lame
very_lame\804.jpg,very_lame
very_lame\805.jpg,very_lame
very_lame\806.jpg,very_lame
very_lame\807.jpg,very_lame
very_lame\808.jpg,very_lame
very_lame\809.jpg,very_lame
very_lame\812.jpg,very_lame
very_lame\813.jpg,very_lame
very_lame\814.jpg,very_lame
very_lame\815.jpg,very_lame
very_lame\816.jpg,very_lame
very_lame\817.jpg,very_lame
very_lame\818.jpg,very_lame
very_lame\819.jpg,very_lame
very_lame\820.jpg,very_lame
very_lame\821.jpg,very_lame
very_lame\822.jpg,very_lame
very_lame\823.jpg,very_lame
very_lame\824.jpg,very_lame
very_lame\825.jpg,very_lame
very_lame\826.jpg,very_lame
very_lame\827.jpg,very_lame
very_lame\828.jpg,very_lame
very_lame\829.jpg,very_lame
very_lame\830.jpg,very_lame
very_lame\831.jpg,very_lame
very_lame\832.jpg,very_lame
very_lame\833.jpg,very_lame
very_lame\834.jpg,very_lame
very_lame\835.jpg,very_lame
very_lame\836.jpg,very_lame
very_lame\837.jpg,very_lame
very_lame\838.jpg,very_lame
very_lame\839.jpg,very_lame
very_lame\840.jpg,very_lame
very_lame\841.jpg,very_lame
very_lame\842.jpg,very_lame
very_lame\843.jpg,very_lame
very_lame\844.jpg,very_lame
very_lame\845.jpg,very_lame
very_lame\846.jpg,very_lame
very_lame\847.jpg,very_lame
very_lame\848.jpg,very_lame
very_lame\849.jpg,very_lame
very_lame\850.jpg,very_lame
very_lame\851.jpg,very_lame
very_lame\852.jpg,very_lame
very_lame\853.jpg,very_lame
very_lame\854.jpg,very_lame
very_lame\855.jpg,very_lame
very_lame\856.jpg,very_lame
very_lame\857.jpg,very_lame
very_lame\858.jpg,very_lame
very_lame\859.jpg,very_lame
very_lame\860.jpg,very_lame
very_lame\861.jpg,very_lame
very_lame\862.jpg,very_lame
very_lame\863.jpg,very_lame
very_lame\864.jpg,very_lame
very_lame\865.jpg,very_lame
very_lame\866.jpg,very_lame
very_lame\867.jpg,very_lame
very_lame\868.jpg,very_lame
very_lame\869.jpg,very_lame
very_lame\870.jpg,very_lame
very_lame\871.jpg,very_lame
very_lame\872.jpg,very_lame
very_lame\873.jpg,very_lame
very_lame\874.jpg,very_lame
very_lame\875.jpg,very_lame
very_lame\876.jpg,very_lame
very_lame\877.jpg,very_lame
very_lame\878.jpg,very_lame
very_lame\879.jpg,very_lame
very_lame\880.jpg,very_lame
very_lame\881.jpg,very_lame
very_lame\882.jpg,very_lame
very_lame\883.jpg,very_lame
very_lame\884.jpg,very_lame
very_lame\885.jpg,very_lame
very_lame\886.jpg,very_lame
very_lame\887.jpg,very_lame
very_lame\888.jpg,very_lame
very_lame\889.jpg,very_lame
very_lame\890.jpg,very_lame
very_lame\891.jpg,very_lame
very_lame\892.jpg,very_lame
very_lame\893.jpg,very_lame
very_lame\894.jpg,very_lame
very_lame\895.jpg,very_lame
very_lame\896.jpg,very_lame
very_lame\897.jpg,very_lame
very_lame\898.jpg,very_lame
very_lame\899.jpg,very_lame
very_lame\900.jpg,very_lame
very_lame\901.jpg,very_lame
very_lame\902.jpg,very_lame
very_lame\903.jpg,very_lame
very_lame\904.jpg,very_lame
very_lame\905.jpg,very_lame
very_lame\906.jpg,very_lame
very_lame\907.jpg,very_lame
very_lame\908.jpg,very_lame
very_lame\909.jpg,very_lame
very_lame\910.jpg,very_lame
very_lame\911.jpg,very_lame
very_lame\912.jpg,very_lame
very_lame\913.jpg,very_lame
very_lame\914.jpg,very_lame
very_lame\915.jpg,very_lame
very_lame\916.jpg,very_lame
very_lame\0.jpg,very_lame
very_lame\0.jpg,very_lame
very_lame\1.jpg,very_lame
very_lame\1.jpg,very_lame
very_lame\2.jpg,very_lame
very_lame\2.jpg,very_lame
very_lame\3.jpg,very_lame
very_lame\4.jpg,very_lame
very_lame\4.jpg,very_lame
very_lame\5.jpg,very_lame
very_lame\5.jpg,very_lame
very_lame\6.jpg,very_lame
very_lame\6.jpg,very_lame
very_lame\7.jpg,very_lame
very_lame\8.jpg,very_lame
very_lame\9.jpg,very_lame
very_lame\10.jpg,very_lame
very_lame\11.jpg,very_lame
very_lame\12.jpg,very_lame
very_lame\13.jpg,very_lame
very_lame\14.jpg,very_lame
very_lame\15.jpg,very_lame
very_lame\16.jpg,very_lame
very_lame\17.jpg,very_lame
very_lame\18.jpg,very_lame
very_lame\19.jpg,very_lame
very_lame\20.jpg,very_lame
very_lame\21.jpg,very_lame
very_lame\22.jpg,very_lame
very_lame\23.jpg,very_lame
very_lame\24.jpg,very_lame
very_lame\25.jpg,very_lame
very_lame\26.jpg,very_lame
very_lame\27.jpg,very_lame
very_lame\28.jpg,very_lame
very_lame\29.jpg,very_lame
very_lame\30.jpg,very_lame
very_lame\31.jpg,very_lame
very_lame\32.jpg,very_lame
very_lame\33.jpg,very_lame
very_lame\34.jpg,very_lame
very_lame\35.jpg,very_lame
very_lame\36.jpg,very_lame
very_lame\37.jpg,very_lame
very_lame\38.jpg,very_lame
very_lame\39.jpg,very_lame
very_lame\40.jpg,very_lame
very_lame\41.jpg,very_lame
very_lame\42.jpg,very_lame
very_lame\43.jpg,very_lame
very_lame\44.jpg,very_lame
very_lame\45.jpg,very_lame
very_lame\46.jpg,very_lame
very_lame\47.jpg,very_lame
very_lame\48.jpg,very_lame
very_lame\49.jpg,very_lame
very_lame\50.jpg,very_lame
very_lame\51.jpg,very_lame
very_lame\52.jpg,very_lame
very_lame\53.jpg,very_lame
very_lame\54.jpg,very_lame
very_lame\55.jpg,very_lame
very_lame\56.jpg,very_lame
very_lame\57.jpg,very_lame
very_lame\58.jpg,very_lame
very_lame\59.jpg,very_lame
very_lame\60.jpg,very_lame
very_lame\60.jpg,very_lame
very_lame\61.jpg,very_lame
very_lame\62.jpg,very_lame
very_lame\63.jpg,very_lame
very_lame\64.jpg,very_lame
very_lame\65.jpg,very_lame
very_lame\66.jpg,very_lame
very_lame\67.jpg,very_lame
very_lame\68.jpg,very_lame
very_lame\69.jpg,very_lame
very_lame\70.jpg,very_lame
very_lame\71.jpg,very_lame
very_lame\72.jpg,very_lame
very_lame\73.jpg,very_lame
very_lame\74.jpg,very_lame
very_lame\75.jpg,very_lame
very_lame\76.jpg,very_lame
very_lame\77.jpg,very_lame
very_lame\78.jpg,very_lame
very_lame\79.jpg,very_lame
very_lame\80.jpg,very_lame
very_lame\81.jpg,very_lame
very_lame\82.jpg,very_lame
very_lame\83.jpg,very_lame
very_lame\84.jpg,very_lame
very_lame\85.jpg,very_lame
very_lame\86.jpg,very_lame
very_lame\87.jpg,very_lame
very_lame\88.jpg,very_lame
very_lame\89.jpg,very_lame
very_lame\90.jpg,very_lame
very_lame\91.jpg,very_lame
very_lame\92.jpg,very_lame
very_lame\93.jpg,very_lame
very_lame\94.jpg,very_lame
very_lame\95.jpg,very_lame
very_lame\96.jpg,very_lame
very_lame\97.jpg,very_lame
very_lame\98.jpg,very_lame
very_lame\99.jpg,very_lame
very_lame\100.jpg,very_lame
very_lame\101.jpg,very_lame
very_lame\102.jpg,very_lame
very_lame\103.jpg,very_lame
very_lame\104.jpg,very_lame
very_lame\105.jpg,very_lame
very_lame\106.jpg,very_lame
very_lame\107.jpg,very_lame
very_lame\108.jpg,very_lame
very_lame\109.jpg,very_lame
very_lame\110.jpg,very_lame
very_lame\111.jpg,very_lame
very_lame\112.jpg,very_lame
very_lame\113.jpg,very_lame
very_lame\114.jpg,very_lame
very_lame\115.jpg,very_lame
very_lame\116.jpg,very_lame
very_lame\117.jpg,very_lame
very_lame\118.jpg,very_lame
very_lame\119.jpg,very_lame
very_lame\120.jpg,very_lame
very_lame\121.jpg,very_lame
very_lame\122.jpg,very_lame
very_lame\123.jpg,very_lame
very_lame\124.jpg,very_lame
very_lame\125.jpg,very_lame
very_lame\126.jpg,very_lame
very_lame\127.jpg,very_lame
very_lame\128.jpg,very_lame
very_lame\129.jpg,very_lame
very_lame\130.jpg,very_lame
very_lame\131.jpg,very_lame
very_lame\132.jpg,very_lame
very_lame\133.jpg,very_lame
very_lame\134.jpg,very_lame
very_lame\135.jpg,very_lame
very_lame\136.jpg,very_lame
very_lame\137.jpg,very_lame
very_lame\138.jpg,very_lame
very_lame\139.jpg,very_lame
very_lame\140.jpg,very_lame
very_lame\141.jpg,very_lame
very_lame\142.jpg,very_lame
very_lame\143.jpg,very_lame
very_lame\144.jpg,very_lame
very_lame\145.jpg,very_lame
very_lame\146.jpg,very_lame
very_lame\147.jpg,very_lame
very_lame\148.jpg,very_lame
very_lame\149.jpg,very_lame
very_lame\150.jpg,very_lame
very_lame\151.jpg,very_lame
very_lame\152.jpg,very_lame
very_lame\153.jpg,very_lame
very_lame\154.jpg,very_lame
very_lame\155.jpg,very_lame
very_lame\156.jpg,very_lame
very_lame\157.jpg,very_lame
very_lame\158.jpg,very_lame
very_lame\159.jpg,very_lame
very_lame\160.jpg,very_lame
very_lame\161.jpg,very_lame
very_lame\162.jpg,very_lame
very_lame\163.jpg,very_lame
very_lame\164.jpg,very_lame
very_lame\165.jpg,very_lame
very_lame\166.jpg,very_lame
very_lame\167.jpg,very_lame
very_lame\168.jpg,very_lame
very_lame\169.jpg,very_lame
very_lame\170.jpg,very_lame
very_lame\171.jpg,very_lame
very_lame\172.jpg,very_lame
very_lame\173.jpg,very_lame
very_lame\174.jpg,very_lame
very_lame\175.jpg,very_lame
very_lame\176.jpg,very_lame
very_lame\177.jpg,very_lame
very_lame\178.jpg,very_lame
very_lame\179.jpg,very_lame
very_lame\180.jpg,very_lame
very_lame\181.jpg,very_lame
very_lame\182.jpg,very_lame
very_lame\183.jpg,very_lame
very_lame\184.jpg,very_lame
very_lame\185.jpg,very_lame
very_lame\186.jpg,very_lame
very_lame\187.jpg,very_lame
very_lame\188.jpg,very_lame
very_lame\189.jpg,very_lame
very_lame\190.jpg,very_lame
very_lame\191.jpg,very_lame
very_lame\192.jpg,very_lame
very_lame\193.jpg,very_lame
very_lame\194.jpg,very_lame
very_lame\195.jpg,very_lame
very_lame\196.jpg,very_lame
very_lame\197.jpg,very_lame
very_lame\198.jpg,very_lame
very_lame\199.jpg,very_lame
very_lame\200.jpg,very_lame
very_lame\201.jpg,very_lame
very_lame\202.jpg,very_lame
very_lame\203.jpg,very_lame
very_lame\204.jpg,very_lame
very_lame\205.jpg,very_lame
very_lame\206.jpg,very_lame
very_lame\207.jpg,very_lame
very_lame\208.jpg,very_lame
very_lame\209.jpg,very_lame
very_lame\210.jpg,very_lame
very_lame\211.jpg,very_lame
very_lame\212.jpg,very_lame
very_lame\213.jpg,very_lame
very_lame\214.jpg,very_lame
very_lame\215.jpg,very_lame
very_lame\216.jpg,very_lame
very_lame\217.jpg,very_lame
very_lame\218.jpg,very_lame
very_lame\219.jpg,very_lame
very_lame\220.jpg,very_lame
very_lame\221.jpg,very_lame
very_lame\222.jpg,very_lame
very_lame\223.jpg,very_lame
very_lame\224.jpg,very_lame
very_lame\225.jpg,very_lame
very_lame\226.jpg,very_lame
very_lame\227.jpg,very_lame
very_lame\228.jpg,very_lame
very_lame\229.jpg,very_lame
very_lame\230.jpg,very_lame
very_lame\231.jpg,very_lame
very_lame\232.jpg,very_lame
very_lame\233.jpg,very_lame
very_lame\234.jpg,very_lame
very_lame\235.jpg,very_lame
very_lame\236.jpg,very_lame
very_lame\237.jpg,very_lame
very_lame\238.jpg,very_lame
very_lame\239.jpg,very_lame
very_lame\240.jpg,very_lame
very_lame\241.jpg,very_lame
very_lame\242.jpg,very_lame
very_lame\243.jpg,very_lame
very_lame\244.jpg,very_lame
very_lame\245.jpg,very_lame
very_lame\246.jpg,very_lame
very_lame\247.jpg,very_lame
very_lame\248.jpg,very_lame
very_lame\249.jpg,very_lame
very_lame\250.jpg,very_lame
very_lame\251.jpg,very_lame
very_lame\252.jpg,very_lame
very_lame\253.jpg,very_lame
very_lame\254.jpg,very_lame
very_lame\255.jpg,very_lame
very_lame\256.jpg,very_lame
very_lame\256.jpg,very_lame
very_lame\257.jpg,very_lame
very_lame\257.jpg,very_lame
very_lame\258.jpg,very_lame
very_lame\258.jpg,very_lame
very_lame\259.jpg,very_lame
very_lame\259.jpg,very_lame
very_lame\260.jpg,very_lame
very_lame\260.jpg,very_lame
very_lame\261.jpg,very_lame
very_lame\261.jpg,very_lame
very_lame\262.jpg,very_lame
very_lame\262.jpg,very_lame
very_lame\263.jpg,very_lame
very_lame\263.jpg,very_lame
very_lame\264.jpg,very_lame
very_lame\264.jpg,very_lame
very_lame\265.jpg,very_lame
very_lame\265.jpg,very_lame
very_lame\266.jpg,very_lame
very_lame\266.jpg,very_lame
very_lame\267.jpg,very_lame
very_lame\268.jpg,very_lame
very_lame\268.jpg,very_lame
very_lame\269.jpg,very_lame
very_lame\269.jpg,very_lame
very_lame\270.jpg,very_lame
very_lame\270.jpg,very_lame
very_lame\271.jpg,very_lame
very_lame\271.jpg,very_lame
very_lame\272.jpg,very_lame
very_lame\272.jpg,very_lame
very_lame\273.jpg,very_lame
very_lame\273.jpg,very_lame
very_lame\274.jpg,very_lame
very_lame\274.jpg,very_lame
very_lame\275.jpg,very_lame
very_lame\275.jpg,very_lame
very_lame\276.jpg,very_lame
very_lame\276.jpg,very_lame
very_lame\277.jpg,very_lame
very_lame\277.jpg,very_lame
very_lame\278.jpg,very_lame
very_lame\278.jpg,very_lame
very_lame\279.jpg,very_lame
very_lame\280.jpg,very_lame
very_lame\280.jpg,very_lame
very_lame\281.jpg,very_lame
very_lame\281.jpg,very_lame
very_lame\282.jpg,very_lame
very_lame\282.jpg,very_lame
very_lame\283.jpg,very_lame
very_lame\283.jpg,very_lame
very_lame\284.jpg,very_lame
very_lame\285.jpg,very_lame
very_lame\285.jpg,very_lame
very_lame\286.jpg,very_lame
very_lame\286.jpg,very_lame
very_lame\287.jpg,very_lame
very_lame\287.jpg,very_lame
very_lame\288.jpg,very_lame
very_lame\289.jpg,very_lame
very_lame\290.jpg,very_lame
very_lame\290.jpg,very_lame
very_lame\291.jpg,very_lame
very_lame\291.jpg,very_lame
very_lame\292.jpg,very_lame
very_lame\292.jpg,very_lame
very_lame\293.jpg,very_lame
very_lame\293.jpg,very_lame
very_lame\294.jpg,very_lame
very_lame\294.jpg,very_lame
very_lame\295.jpg,very_lame
very_lame\295.jpg,very_lame
very_lame\296.jpg,very_lame
very_lame\296.jpg,very_lame
very_lame\297.jpg,very_lame
very_lame\297.jpg,very_lame
very_lame\298.jpg,very_lame
very_lame\299.jpg,very_lame
very_lame\300.jpg,very_lame
very_lame\301.jpg,very_lame
very_lame\302.jpg,very_lame
very_lame\303.jpg,very_lame
very_lame\303.jpg,very_lame
very_lame\304.jpg,very_lame
very_lame\305.jpg,very_lame
very_lame\306.jpg,very_lame
very_lame\306.jpg,very_lame
very_lame\307.jpg,very_lame
very_lame\307.jpg,very_lame
very_lame\308.jpg,very_lame
very_lame\308.jpg,very_lame
very_lame\309.jpg,very_lame
very_lame\309.jpg,very_lame
very_lame\310.jpg,very_lame
very_lame\310.jpg,very_lame
very_lame\311.jpg,very_lame
very_lame\311.jpg,very_lame
very_lame\312.jpg,very_lame
very_lame\312.jpg,very_lame
very_lame\313.jpg,very_lame
very_lame\313.jpg,very_lame
very_lame\314.jpg,very_lame
very_lame\314.jpg,very_lame
very_lame\315.jpg,very_lame
very_lame\315.jpg,very_lame
very_lame\316.jpg,very_lame
very_lame\316.jpg,very_lame
very_lame\317.jpg,very_lame
very_lame\317.jpg,very_lame
very_lame\318.jpg,very_lame
very_lame\318.jpg,very_lame
very_lame\319.jpg,very_lame
very_lame\319.jpg,very_lame
very_lame\320.jpg,very_lame
very_lame\320.jpg,very_lame
very_lame\321.jpg,very_lame
very_lame\321.jpg,very_lame
very_lame\322.jpg,very_lame
very_lame\322.jpg,very_lame
very_lame\323.jpg,very_lame
very_lame\323.jpg,very_lame
very_lame\324.jpg,very_lame
very_lame\324.jpg,very_lame
very_lame\325.jpg,very_lame
very_lame\325.jpg,very_lame
very_lame\326.jpg,very_lame
very_lame\326.jpg,very_lame
very_lame\327.jpg,very_lame
very_lame\327.jpg,very_lame
very_lame\328.jpg,very_lame
very_lame\328.jpg,very_lame
very_lame\329.jpg,very_lame
very_lame\329.jpg,very_lame
very_lame\330.jpg,very_lame
very_lame\330.jpg,very_lame
very_lame\331.jpg,very_lame
very_lame\332.jpg,very_lame
very_lame\332.jpg,very_lame
very_lame\333.jpg,very_lame
very_lame\333.jpg,very_lame
very_lame\334.jpg,very_lame
very_lame\334.jpg,very_lame
very_lame\335.jpg,very_lame
very_lame\335.jpg,very_lame
very_lame\336.jpg,very_lame
very_lame\336.jpg,very_lame
very_lame\337.jpg,very_lame
very_lame\337.jpg,very_lame
very_lame\338.jpg,very_lame
very_lame\338.jpg,very_lame
very_lame\339.jpg,very_lame
very_lame\339.jpg,very_lame
very_lame\340.jpg,very_lame
very_lame\340.jpg,very_lame
very_lame\341.jpg,very_lame
very_lame\341.jpg,very_lame
very_lame\342.jpg,very_lame
very_lame\342.jpg,very_lame
very_lame\343.jpg,very_lame
very_lame\343.jpg,very_lame
very_lame\344.jpg,very_lame
very_lame\344.jpg,very_lame
very_lame\345.jpg,very_lame
very_lame\345.jpg,very_lame
very_lame\346.jpg,very_lame
very_lame\346.jpg,very_lame
very_lame\347.jpg,very_lame
very_lame\347.jpg,very_lame
very_lame\348.jpg,very_lame
very_lame\348.jpg,very_lame
very_lame\349.jpg,very_lame
very_lame\349.jpg,very_lame
very_lame\350.jpg,very_lame
very_lame\350.jpg,very_lame
very_lame\351.jpg,very_lame
very_lame\351.jpg,very_lame
very_lame\352.jpg,very_lame
very_lame\353.jpg,very_lame
very_lame\354.jpg,very_lame
very_lame\355.jpg,very_lame
very_lame\356.jpg,very_lame
very_lame\357.jpg,very_lame
very_lame\358.jpg,very_lame
very_lame\359.jpg,very_lame
very_lame\360.jpg,very_lame
very_lame\361.jpg,very_lame
very_lame\362.jpg,very_lame
very_lame\363.jpg,very_lame
very_lame\364.jpg,very_lame
very_lame\365.jpg,very_lame
very_lame\366.jpg,very_lame
very_lame\367.jpg,very_lame
very_lame\368.jpg,very_lame
very_lame\369.jpg,very_lame
very_lame\370.jpg,very_lame
very_lame\371.jpg,very_lame
very_lame\372.jpg,very_lame
very_lame\373.jpg,very_lame
very_lame\374.jpg,very_lame
very_lame\375.jpg,very_lame
very_lame\376.jpg,very_lame
very_lame\377.jpg,very_lame
very_lame\378.jpg,very_lame
very_lame\379.jpg,very_lame
very_lame\380.jpg,very_lame
very_lame\381.jpg,very_lame
very_lame\382.jpg,very_lame
very_lame\383.jpg,very_lame
very_lame\384.jpg,very_lame
very_lame\385.jpg,very_lame
very_lame\386.jpg,very_lame
very_lame\387.jpg,very_lame
very_lame\388.jpg,very_lame
very_lame\389.jpg,very_lame
very_lame\390.jpg,very_lame
very_lame\391.jpg,very_lame
very_lame\392.jpg,very_lame
very_lame\393.jpg,very_lame
very_lame\394.jpg,very_lame
very_lame\395.jpg,very_lame
very_lame\396.jpg,very_lame
very_lame\397.jpg,very_lame
very_lame\398.jpg,very_lame
very_lame\399.jpg,very_lame
very_lame\400.jpg,very_lame
very_lame\401.jpg,very_lame
very_lame\402.jpg,very_lame
very_lame\403.jpg,very_lame
very_lame\404.jpg,very_lame
very_lame\405.jpg,very_lame
very_lame\406.jpg,very_lame
very_lame\407.jpg,very_lame
very_lame\408.jpg,very_lame
very_lame\409.jpg,very_lame
very_lame\410.jpg,very_lame
very_lame\411.jpg,very_lame
very_lame\412.jpg,very_lame
very_lame\413.jpg,very_lame
very_lame\414.jpg,very_lame
very_lame\415.jpg,very_lame
very_lame\416.jpg,very_lame
very_lame\417.jpg,very_lame
very_lame\418.jpg,very_lame
very_lame\419.jpg,very_lame
very_lame\420.jpg,very_lame
very_lame\421.jpg,very_lame
very_lame\422.jpg,very_lame
very_lame\423.jpg,very_lame
very_lame\424.jpg,very_lame
very_lame\425.jpg,very_lame
very_lame\426.jpg,very_lame
very_lame\427.jpg,very_lame
very_lame\428.jpg,very_lame
very_lame\429.jpg,very_lame
very_lame\430.jpg,very_lame
very_lame\431.jpg,very_lame
very_lame\432.jpg,very_lame
very_lame\433.jpg,very_lame
very_lame\434.jpg,very_lame
very_lame\435.jpg,very_lame
very_lame\436.jpg,very_lame
very_lame\437.jpg,very_lame
very_lame\438.jpg,very_lame
very_lame\439.jpg,very_lame
very_lame\440.jpg,very_lame
very_lame\441.jpg,very_lame
very_lame\442.jpg,very_lame
very_lame\443.jpg,very_lame
very_lame\444.jpg,very_lame
very_lame\445.jpg,very_lame
very_lame\446.jpg,very_lame
very_lame\447.jpg,very_lame
very_lame\448.jpg,very_lame
very_lame\449.jpg,very_lame
very_lame\450.jpg,very_lame
very_lame\451.jpg,very_lame
very_lame\452.jpg,very_lame
very_lame\453.jpg,very_lame
very_lame\454.jpg,very_lame
very_lame\455.jpg,very_lame
very_lame\456.jpg,very_lame
very_lame\457.jpg,very_lame
very_lame\458.jpg,very_lame
very_lame\459.jpg,very_lame
very_lame\460.jpg,very_lame
very_lame\461.jpg,very_lame
very_lame\462.jpg,very_lame
very_lame\463.jpg,very_lame
very_lame\464.jpg,very_lame
very_lame\465.jpg,very_lame
very_lame\466.jpg,very_lame
very_lame\467.jpg,very_lame
very_lame\468.jpg,very_lame
very_lame\469.jpg,very_lame
very_lame\470.jpg,very_lame
very_lame\471.jpg,very_lame
very_lame\472.jpg,very_lame
very_lame\473.jpg,very_lame
very_lame\474.jpg,very_lame
very_lame\475.jpg,very_lame
very_lame\476.jpg,very_lame
very_lame\477.jpg,very_lame
very_lame\478.jpg,very_lame
very_lame\479.jpg,very_lame
very_lame\480.jpg,very_lame
very_lame\481.jpg,very_lame
very_lame\482.jpg,very_lame
very_lame\483.jpg,very_lame
very_lame\484.jpg,very_lame
very_lame\485.jpg,very_lame
very_lame\486.jpg,very_lame
very_lame\487.jpg,very_lame
very_lame\488.jpg,very_lame
very_lame\489.jpg,very_lame
very_lame\490.jpg,very_lame
very_lame\491.jpg,very_lame
very_lame\492.jpg,very_lame
very_lame\493.jpg,very_lame
very_lame\494.jpg,very_lame
very_lame\495.jpg,very_lame
very_lame\496.jpg,very_lame
very_lame\497.jpg,very_lame
very_lame\498.jpg,very_lame
very_lame\499.jpg,very_lame
very_lame\500.jpg,very_lame
very_lame\501.jpg,very_lame
very_lame\502.jpg,very_lame
very_lame\503.jpg,very_lame
very_lame\504.jpg,very_lame
very_lame\505.jpg,very_lame
very_lame\506.jpg,very_lame
very_lame\507.jpg,very_lame
very_lame\508.jpg,very_lame
very_lame\509.jpg,very_lame
very_lame\510.jpg,very_lame
very_lame\511.jpg,very_lame
very_lame\512.jpg,very_lame
very_lame\513.jpg,very_lame
very_lame\514.jpg,very_lame
very_lame\515.jpg,very_lame
very_lame\516.jpg,very_lame
very_lame\517.jpg,very_lame
very_lame\518.jpg,very_lame
very_lame\519.jpg,very_lame
very_lame\520.jpg,very_lame
very_lame\521.jpg,very_lame
very_lame\522.jpg,very_lame
very_lame\523.jpg,very_lame
very_lame\524.jpg,very_lame
very_lame\525.jpg,very_lame
very_lame\526.jpg,very_lame
very_lame\526.jpg,very_lame
very_lame\527.jpg,very_lame
very_lame\527.jpg,very_lame
very_lame\528.jpg,very_lame
very_lame\528.jpg,very_lame
very_lame\529.jpg,very_lame
very_lame\529.jpg,very_lame
very_lame\530.jpg,very_lame
very_lame\530.jpg,very_lame
very_lame\531.jpg,very_lame
very_lame\531.jpg,very_lame
very_lame\532.jpg,very_lame
very_lame\532.jpg,very_lame
very_lame\533.jpg,very_lame
very_lame\533.jpg,very_lame
very_lame\534.jpg,very_lame
very_lame\534.jpg,very_lame
very_lame\535.jpg,very_lame
very_lame\535.jpg,very_lame
very_lame\536.jpg,very_lame
very_lame\536.jpg,very_lame
very_lame\537.jpg,very_lame
very_lame\537.jpg,very_lame
very_lame\538.jpg,very_lame
very_lame\538.jpg,very_lame
very_lame\539.jpg,very_lame
very_lame\539.jpg,very_lame
very_lame\540.jpg,very_lame
very_lame\540.jpg,very_lame
very_lame\541.jpg,very_lame
very_lame\541.jpg,very_lame
very_lame\542.jpg,very_lame
very_lame\542.jpg,very_lame
very_lame\543.jpg,very_lame
very_lame\543.jpg,very_lame
very_lame\544.jpg,very_lame
very_lame\544.jpg,very_lame
very_lame\545.jpg,very_lame
very_lame\545.jpg,very_lame
very_lame\546.jpg,very_lame
very_lame\546.jpg,very_lame
very_lame\547.jpg,very_lame
very_lame\547.jpg,very_lame
very_lame\548.jpg,very_lame
very_lame\549.jpg,very_lame
very_lame\550.jpg,very_lame
very_lame\551.jpg,very_lame
very_lame\552.jpg,very_lame
very_lame\553.jpg,very_lame
very_lame\554.jpg,very_lame
very_lame\555.jpg,very_lame
very_lame\643.jpg,very_lame
very_lame\644.jpg,very_lame
very_lame\645.jpg,very_lame
very_lame\646.jpg,very_lame
very_lame\647.jpg,very_lame
very_lame\648.jpg,very_lame
very_lame\649.jpg,very_lame
very_lame\650.jpg,very_lame
very_lame\651.jpg,very_lame
very_lame\652.jpg,very_lame
very_lame\653.jpg,very_lame
very_lame\654.jpg,very_lame
very_lame\655.jpg,very_lame
very_lame\656.jpg,very_lame
very_lame\657.jpg,very_lame
very_lame\658.jpg,very_lame
very_lame\659.jpg,very_lame
very_lame\660.jpg,very_lame
very_lame\661.jpg,very_lame
very_lame\662.jpg,very_lame
very_lame\663.jpg,very_lame
very_lame\664.jpg,very_lame
very_lame\665.jpg,very_lame
very_lame\666.jpg,very_lame
very_lame\667.jpg,very_lame
very_lame\668.jpg,very_lame
very_lame\669.jpg,very_lame
very_lame\670.jpg,very_lame
very_lame\671.jpg,very_lame
very_lame\672.jpg,very_lame
very_lame\673.jpg,very_lame
very_lame\674.jpg,very_lame
very_lame\675.jpg,very_lame
very_lame\676.jpg,very_lame
very_lame\677.jpg,very_lame
very_lame\678.jpg,very_lame
very_lame\679.jpg,very_lame
very_lame\680.jpg,very_lame
very_lame\681.jpg,very_lame
very_lame\682.jpg,very_lame
very_lame\683.jpg,very_lame
very_lame\684.jpg,very_lame
very_lame\685.jpg,very_lame
very_lame\686.jpg,very_lame
very_lame\687.jpg,very_lame
very_lame\688.jpg,very_lame
very_lame\689.jpg,very_lame
very_lame\690.jpg,very_lame
very_lame\691.jpg,very_lame
very_lame\692.jpg,very_lame
very_lame\693.jpg,very_lame
very_lame\694.jpg,very_lame
very_lame\695.jpg,very_lame
very_lame\696.jpg,very_lame
very_lame\697.jpg,very_lame
very_lame\698.jpg,very_lame
very_lame\699.jpg,very_lame
very_lame\700.jpg,very_lame
very_lame\701.jpg,very_lame
very_lame\702.jpg,very_lame
very_lame\703.jpg,very_lame
very_lame\704.jpg,very_lame
very_lame\705.jpg,very_lame
very_lame\706.jpg,very_lame
very_lame\707.jpg,very_lame
very_lame\708.jpg,very_lame
very_lame\709.jpg,very_lame
very_lame\709.jpg,very_lame
very_lame\710.jpg,very_lame
very_lame\710.jpg,very_lame
very_lame\711.jpg,very_lame
very_lame\711.jpg,very_lame
very_lame\712.jpg,very_lame
very_lame\712.jpg,very_lame
very_lame\713.jpg,very_lame
very_lame\713.jpg,very_lame
very_lame\714.jpg,very_lame
very_lame\714.jpg,very_lame
very_lame\715.jpg,very_lame
very_lame\715.jpg,very_lame
very_lame\716.jpg,very_lame
very_lame\716.jpg,very_lame
very_lame\717.jpg,very_lame
very_lame\718.jpg,very_lame
very_lame\719.jpg,very_lame
very_lame\720.jpg,very_lame
very_lame\721.jpg,very_lame
very_lame\722.jpg,very_lame
very_lame\723.jpg,very_lame
very_lame\724.jpg,very_lame
very_lame\724.jpg,very_lame
very_lame\725.jpg,very_lame
very_lame\726.jpg,very_lame
very_lame\726.jpg,very_lame
very_lame\727.jpg,very_lame
very_lame\728.jpg,very_lame
very_lame\728.jpg,very_lame
very_lame\729.jpg,very_lame
very_lame\729.jpg,very_lame
very_lame\730.jpg,very_lame
very_lame\730.jpg,very_lame
very_lame\731.jpg,very_lame
very_lame\731.jpg,very_lame
very_lame\732.jpg,very_lame
very_lame\732.jpg,very_lame
very_lame\733.jpg,very_lame
very_lame\733.jpg,very_lame
very_lame\734.jpg,very_lame
very_lame\735.jpg,very_lame
very_lame\736.jpg,very_lame
very_lame\737.jpg,very_lame
very_lame\738.jpg,very_lame
very_lame\739.jpg,very_lame
very_lame\740.jpg,very_lame
very_lame\741.jpg,very_lame
very_lame\742.jpg,very_lame
very_lame\743.jpg,very_lame
very_lame\744.jpg,very_lame
very_lame\745.jpg,very_lame
very_lame\746.jpg,very_lame
very_lame\747.jpg,very_lame
very_lame\748.jpg,very_lame
very_lame\749.jpg,very_lame
very_lame\750.jpg,very_lame
very_lame\751.jpg,very_lame
very_lame\752.jpg,very_lame
very_lame\753.jpg,very_lame
very_lame\754.jpg,very_lame
very_lame\755.jpg,very_lame
very_lame\756.jpg,very_lame
very_lame\757.jpg,very_lame
very_lame\758.jpg,very_lame
very_lame\759.jpg,very_lame
very_lame\760.jpg,very_lame
very_lame\761.jpg,very_lame
very_lame\762.jpg,very_lame
very_lame\763.jpg,very_lame
very_lame\764.jpg,very_lame
very_lame\765.jpg,very_lame
very_lame\766.jpg,very_lame
very_lame\767.jpg,very_lame
very_lame\768.jpg,very_lame
very_lame\769.jpg,very_lame
very_lame\770.jpg,very_lame
very_lame\771.jpg,very_lame
very_lame\772.jpg,very_lame
very_lame\773.jpg,very_lame
very_lame\774.jpg,very_lame
very_lame\775.jpg,very_lame
very_lame\776.jpg,very_lame
very_lame\777.jpg,very_lame
very_lame\778.jpg,very_lame
very_lame\779.jpg,very_lame
very_lame\780.jpg,very_lame
very_lame\781.jpg,very_lame
very_lame\782.jpg,very_lame
very_lame\783.jpg,very_lame
very_lame\784.jpg,very_lame
very_lame\785.jpg,very_lame
very_lame\786.jpg,very_lame
very_lame\787.jpg,very_lame
very_lame\788.jpg,very_lame
very_lame\789.jpg,very_lame
very_lame\790.jpg,very_lame
very_lame\791.jpg,very_lame
very_lame\792.jpg,very_lame
very_lame\793.jpg,very_lame
very_lame\794.jpg,very_lame
very_lame\795.jpg,very_lame
very_lame\796.jpg,very_lame
very_lame\797.jpg,very_lame
very_lame\798.jpg,very_lame
very_lame\799.jpg,very_lame
very_lame\800.jpg,very_lame
very_lame\801.jpg,very_lame
very_lame\802.jpg,very_lame
very_lame\803.jpg,very_lame
very_lame\804.jpg,very_lame
very_lame\805.jpg,very_lame
very_lame\806.jpg,very_lame
very_lame\807.jpg,very_lame
very_lame\808.jpg,very_lame
very_lame\809.jpg,very_lame
very_lame\812.jpg,very_lame
very_lame\813.jpg,very_lame
very_lame\814.jpg,very_lame
very_lame\815.jpg,very_lame
very_lame\816.jpg,very_lame
very_lame\817.jpg,very_lame
very_lame\818.jpg,very_lame
very_lame\819.jpg,very_lame
very_lame\820.jpg,very_lame
very_lame\821.jpg,very_lame
very_lame\822.jpg,very_lame
very_lame\823.jpg,very_lame
very_lame\824.jpg,very_lame
very_lame\825.jpg,very_lame
very_lame\826.jpg,very_lame
very_lame\827.jpg,very_lame
very_lame\828.jpg,very_lame
very_lame\829.jpg,very_lame
very_lame\830.jpg,very_lame
very_lame\831.jpg,very_lame
very_lame\832.jpg,very_lame
very_lame\833.jpg,very_lame
very_lame\834.jpg,very_lame
very_lame\835.jpg,very_lame
very_lame\836.jpg,very_lame
very_lame\837.jpg,very_lame
very_lame\838.jpg,very_lame
very_lame\839.jpg,very_lame
very_lame\840.jpg,very_lame
very_lame\841.jpg,very_lame
very_lame\842.jpg,very_lame
very_lame\843.jpg,very_lame
very_lame\844.jpg,very_lame
very_lame\845.jpg,very_lame
very_lame\846.jpg,very_lame
very_lame\847.jpg,very_lame
very_lame\848.jpg,very_lame
very_lame\849.jpg,very_lame
very_lame\850.jpg,very_lame
very_lame\851.jpg,very_lame
very_lame\852.jpg,very_lame
very_lame\853.jpg,very_lame
very_lame\854.jpg,very_lame
very_lame\855.jpg,very_lame
very_lame\856.jpg,very_lame
very_lame\857.jpg,very_lame
very_lame\858.jpg,very_lame
very_lame\859.jpg,very_lame
very_lame\860.jpg,very_lame
very_lame\861.jpg,very_lame
very_lame\862.jpg,very_lame
very_lame\863.jpg,very_lame
very_lame\864.jpg,very_lame
very_lame\865.jpg,very_lame
very_lame\866.jpg,very_lame
very_lame\867.jpg,very_lame
very_lame\868.jpg,very_lame
very_lame\869.jpg,very_lame
very_lame\870.jpg,very_lame
very_lame\871.jpg,very_lame
very_lame\872.jpg,very_lame
very_lame\873.jpg,very_lame
very_lame\874.jpg,very_lame
very_lame\875.jpg,very_lame
very_lame\876.jpg,very_lame
very_lame\877.jpg,very_lame
very_lame\878.jpg,very_lame
very_lame\879.jpg,very_lame
very_lame\880.jpg,very_lame
very_lame\881.jpg,very_lame
very_lame\882.jpg,very_lame
very_lame\883.jpg,very_lame
very_lame\884.jpg,very_lame
very_lame\885.jpg,very_lame
very_lame\886.jpg,very_lame
very_lame\887.jpg,very_lame
very_lame\888.jpg,very_lame
very_lame\889.jpg,very_lame
very_lame\890.jpg,very_lame
very_lame\891.jpg,very_lame
very_lame\892.jpg,very_lame
very_lame\893.jpg,very_lame
very_lame\894.jpg,very_lame
very_lame\895.jpg,very_lame
very_lame\896.jpg,very_lame
very_lame\897.jpg,very_lame
very_lame\898.jpg,very_lame
very_lame\899.jpg,very_lame
very_lame\900.jpg,very_lame
very_lame\901.jpg,very_lame
very_lame\902.jpg,very_lame
very_lame\903.jpg,very_lame
very_lame\904.jpg,very_lame
very_lame\905.jpg,very_lame
very_lame\906.jpg,very_lame
very_lame\907.jpg,very_lame
very_lame\908.jpg,very_lame
very_lame\909.jpg,very_lame
very_lame\910.jpg,very_lame
very_lame\911.jpg,very_lame
very_lame\912.jpg,very_lame
very_lame\913.jpg,very_lame
very_lame\914.jpg,very_lame
very_lame\915.jpg,very_lame
very_lame\916.jpg,very_lame
very_lame\0.jpg,very_lame
very_lame\1.jpg,very_lame
very_lame\2.jpg,very_lame
very_lame\3.jpg,very_lame
very_lame\4.jpg,very_lame
very_lame\5.jpg,very_lame
very_lame\6.jpg,very_lame
very_lame\7.jpg,very_lame
very_lame\8.jpg,very_lame
very_lame\9.jpg,very_lame
very_lame\10.jpg,very_lame
very_lame\11.jpg,very_lame
very_lame\12.jpg,very_lame
very_lame\13.jpg,very_lame
very_lame\14.jpg,very_lame
very_lame\15.jpg,very_lame
very_lame\16.jpg,very_lame
very_lame\17.jpg,very_lame
very_lame\18.jpg,very_lame
very_lame\19.jpg,very_lame
very_lame\20.jpg,very_lame
very_lame\21.jpg,very_lame
very_lame\22.jpg,very_lame
very_lame\23.jpg,very_lame
very_lame\24.jpg,very_lame
very_lame\25.jpg,very_lame
very_lame\26.jpg,very_lame
very_lame\27.jpg,very_lame
very_lame\28.jpg,very_lame
very_lame\29.jpg,very_lame
very_lame\30.jpg,very_lame
very_lame\31.jpg,very_lame
very_lame\32.jpg,very_lame
very_lame\33.jpg,very_lame
very_lame\34.jpg,very_lame
very_lame\35.jpg,very_lame
very_lame\36.jpg,very_lame
very_lame\37.jpg,very_lame
very_lame\38.jpg,very_lame
very_lame\39.jpg,very_lame
very_lame\40.jpg,very_lame
very_lame\41.jpg,very_lame
very_lame\42.jpg,very_lame
very_lame\43.jpg,very_lame
very_lame\44.jpg,very_lame
very_lame\45.jpg,very_lame
very_lame\46.jpg,very_lame
very_lame\47.jpg,very_lame
very_lame\48.jpg,very_lame
very_lame\49.jpg,very_lame
very_lame\50.jpg,very_lame
very_lame\51.jpg,very_lame
very_lame\52.jpg,very_lame
very_lame\53.jpg,very_lame
very_lame\54.jpg,very_lame
very_lame\55.jpg,very_lame
very_lame\56.jpg,very_lame
very_lame\57.jpg,very_lame
very_lame\58.jpg,very_lame
very_lame\59.jpg,very_lame
very_lame\60.jpg,very_lame
very_lame\61.jpg,very_lame
very_lame\62.jpg,very_lame
very_lame\63.jpg,very_lame
very_lame\64.jpg,very_lame
very_lame\65.jpg,very_lame
very_lame\66.jpg,very_lame
very_lame\67.jpg,very_lame
very_lame\68.jpg,very_lame
very_lame\69.jpg,very_lame
very_lame\70.jpg,very_lame
very_lame\71.jpg,very_lame
very_lame\72.jpg,very_lame
very_lame\73.jpg,very_lame
very_lame\74.jpg,very_lame
very_lame\75.jpg,very_lame
very_lame\76.jpg,very_lame
very_lame\77.jpg,very_lame
very_lame\78.jpg,very_lame
very_lame\79.jpg,very_lame
very_lame\80.jpg,very_lame
very_lame\81.jpg,very_lame
very_lame\82.jpg,very_lame
very_lame\83.jpg,very_lame
very_lame\84.jpg,very_lame
very_lame\85.jpg,very_lame
very_lame\86.jpg,very_lame
very_lame\87.jpg,very_lame
very_lame\88.jpg,very_lame
very_lame\89.jpg,very_lame
very_lame\90.jpg,very_lame
very_lame\91.jpg,very_lame
very_lame\92.jpg,very_lame
very_lame\93.jpg,very_lame
very_lame\94.jpg,very_lame
very_lame\95.jpg,very_lame
very_lame\96.jpg,very_lame
very_lame\97.jpg,very_lame
very_lame\98.jpg,very_lame
very_lame\99.jpg,very_lame
very_lame\100.jpg,very_lame
very_lame\101.jpg,very_lame
very_lame\102.jpg,very_lame
very_lame\103.jpg,very_lame
very_lame\104.jpg,very_lame
very_lame\105.jpg,very_lame
very_lame\106.jpg,very_lame
very_lame\107.jpg,very_lame
very_lame\108.jpg,very_lame
very_lame\109.jpg,very_lame
very_lame\110.jpg,very_lame
very_lame\111.jpg,very_lame
very_lame\112.jpg,very_lame
very_lame\113.jpg,very_lame
very_lame\114.jpg,very_lame
very_lame\115.jpg,very_lame
very_lame\116.jpg,very_lame
very_lame\117.jpg,very_lame
very_lame\118.jpg,very_lame
very_lame\119.jpg,very_lame
very_lame\120.jpg,very_lame
very_lame\121.jpg,very_lame
very_lame\122.jpg,very_lame
very_lame\123.jpg,very_lame
very_lame\124.jpg,very_lame
very_lame\125.jpg,very_lame
very_lame\126.jpg,very_lame
very_lame\127.jpg,very_lame
very_lame\128.jpg,very_lame
very_lame\129.jpg,very_lame
very_lame\130.jpg,very_lame
very_lame\131.jpg,very_lame
very_lame\132.jpg,very_lame
very_lame\133.jpg,very_lame
very_lame\134.jpg,very_lame
very_lame\135.jpg,very_lame
very_lame\136.jpg,very_lame
very_lame\137.jpg,very_lame
very_lame\138.jpg,very_lame
very_lame\139.jpg,very_lame
very_lame\140.jpg,very_lame
very_lame\141.jpg,very_lame
very_lame\142.jpg,very_lame
very_lame\143.jpg,very_lame
very_lame\143.jpg,very_lame
very_lame\144.jpg,very_lame
very_lame\145.jpg,very_lame
very_lame\146.jpg,very_lame
very_lame\147.jpg,very_lame
very_lame\148.jpg,very_lame
very_lame\148.jpg,very_lame
very_lame\149.jpg,very_lame
very_lame\149.jpg,very_lame
very_lame\150.jpg,very_lame
very_lame\151.jpg,very_lame
very_lame\152.jpg,very_lame
very_lame\153.jpg,very_lame
very_lame\154.jpg,very_lame
very_lame\154.jpg,very_lame
very_lame\155.jpg,very_lame
very_lame\155.jpg,very_lame
very_lame\156.jpg,very_lame
very_lame\156.jpg,very_lame
very_lame\157.jpg,very_lame
very_lame\157.jpg,very_lame
very_lame\158.jpg,very_lame
very_lame\159.jpg,very_lame
very_lame\160.jpg,very_lame
very_lame\160.jpg,very_lame
very_lame\161.jpg,very_lame
very_lame\161.jpg,very_lame
very_lame\162.jpg,very_lame
very_lame\163.jpg,very_lame
very_lame\164.jpg,very_lame
very_lame\165.jpg,very_lame
very_lame\166.jpg,very_lame
very_lame\167.jpg,very_lame
very_lame\168.jpg,very_lame
very_lame\169.jpg,very_lame
very_lame\170.jpg,very_lame
very_lame\171.jpg,very_lame
very_lame\172.jpg,very_lame
very_lame\173.jpg,very_lame
very_lame\173.jpg,very_lame
very_lame\174.jpg,very_lame
very_lame\175.jpg,very_lame
very_lame\176.jpg,very_lame
very_lame\177.jpg,very_lame
very_lame\178.jpg,very_lame
very_lame\179.jpg,very_lame
very_lame\180.jpg,very_lame
very_lame\181.jpg,very_lame
very_lame\182.jpg,very_lame
very_lame\183.jpg,very_lame
very_lame\184.jpg,very_lame
very_lame\185.jpg,very_lame
very_lame\186.jpg,very_lame
very_lame\187.jpg,very_lame
very_lame\188.jpg,very_lame
very_lame\189.jpg,very_lame
very_lame\190.jpg,very_lame
very_lame\191.jpg,very_lame
very_lame\192.jpg,very_lame
very_lame\193.jpg,very_lame
very_lame\194.jpg,very_lame
very_lame\195.jpg,very_lame
very_lame\196.jpg,very_lame
very_lame\197.jpg,very_lame
very_lame\198.jpg,very_lame
very_lame\199.jpg,very_lame
very_lame\200.jpg,very_lame
very_lame\201.jpg,very_lame
very_lame\202.jpg,very_lame
very_lame\203.jpg,very_lame
very_lame\204.jpg,very_lame
very_lame\205.jpg,very_lame
very_lame\206.jpg,very_lame
very_lame\207.jpg,very_lame
very_lame\208.jpg,very_lame
very_lame\209.jpg,very_lame
very_lame\210.jpg,very_lame
very_lame\211.jpg,very_lame
very_lame\212.jpg,very_lame
very_lame\213.jpg,very_lame
very_lame\213.jpg,very_lame
very_lame\214.jpg,very_lame
very_lame\214.jpg,very_lame
very_lame\215.jpg,very_lame
very_lame\215.jpg,very_lame
very_lame\216.jpg,very_lame
very_lame\216.jpg,very_lame
very_lame\217.jpg,very_lame
very_lame\217.jpg,very_lame
very_lame\218.jpg,very_lame
very_lame\218.jpg,very_lame
very_lame\219.jpg,very_lame
very_lame\220.jpg,very_lame
very_lame\221.jpg,very_lame
very_lame\222.jpg,very_lame
very_lame\223.jpg,very_lame
very_lame\224.jpg,very_lame
very_lame\225.jpg,very_lame
very_lame\226.jpg,very_lame
very_lame\227.jpg,very_lame
very_lame\228.jpg,very_lame
very_lame\229.jpg,very_lame
very_lame\230.jpg,very_lame
very_lame\231.jpg,very_lame
very_lame\232.jpg,very_lame
very_lame\233.jpg,very_lame
very_lame\234.jpg,very_lame
very_lame\235.jpg,very_lame
very_lame\236.jpg,very_lame
very_lame\237.jpg,very_lame
very_lame\238.jpg,very_lame
very_lame\239.jpg,very_lame
very_lame\240.jpg,very_lame
very_lame\241.jpg,very_lame
very_lame\242.jpg,very_lame
very_lame\243.jpg,very_lame
very_lame\244.jpg,very_lame
very_lame\245.jpg,very_lame
very_lame\246.jpg,very_lame
very_lame\247.jpg,very_lame
very_lame\248.jpg,very_lame
very_lame\249.jpg,very_lame
very_lame\250.jpg,very_lame
very_lame\251.jpg,very_lame
very_lame\252.jpg,very_lame
very_lame\253.jpg,very_lame
very_lame\254.jpg,very_lame
very_lame\255.jpg,very_lame
very_lame\256.jpg,very_lame
very_lame\256.jpg,very_lame
very_lame\257.jpg,very_lame
very_lame\257.jpg,very_lame
very_lame\258.jpg,very_lame
very_lame\258.jpg,very_lame
very_lame\259.jpg,very_lame
very_lame\259.jpg,very_lame
very_lame\260.jpg,very_lame
very_lame\260.jpg,very_lame
very_lame\261.jpg,very_lame
very_lame\261.jpg,very_lame
very_lame\262.jpg,very_lame
very_lame\262.jpg,very_lame
very_lame\263.jpg,very_lame
very_lame\263.jpg,very_lame
very_lame\264.jpg,very_lame
very_lame\264.jpg,very_lame
very_lame\265.jpg,very_lame
very_lame\265.jpg,very_lame
very_lame\266.jpg,very_lame
very_lame\266.jpg,very_lame
very_lame\267.jpg,very_lame
very_lame\268.jpg,very_lame
very_lame\268.jpg,very_lame
very_lame\269.jpg,very_lame
very_lame\269.jpg,very_lame
very_lame\270.jpg,very_lame
very_lame\270.jpg,very_lame
very_lame\271.jpg,very_lame
very_lame\271.jpg,very_lame
very_lame\272.jpg,very_lame
very_lame\272.jpg,very_lame
very_lame\273.jpg,very_lame
very_lame\273.jpg,very_lame
very_lame\274.jpg,very_lame
very_lame\274.jpg,very_lame
very_lame\275.jpg,very_lame
very_lame\275.jpg,very_lame
very_lame\276.jpg,very_lame
very_lame\276.jpg,very_lame
very_lame\277.jpg,very_lame
very_lame\277.jpg,very_lame
very_lame\278.jpg,very_lame
very_lame\278.jpg,very_lame
very_lame\279.jpg,very_lame
very_lame\280.jpg,very_lame
very_lame\280.jpg,very_lame
very_lame\281.jpg,very_lame
very_lame\281.jpg,very_lame
very_lame\282.jpg,very_lame
very_lame\282.jpg,very_lame
very_lame\283.jpg,very_lame
very_lame\283.jpg,very_lame
very_lame\284.jpg,very_lame
very_lame\285.jpg,very_lame
very_lame\285.jpg,very_lame
very_lame\286.jpg,very_lame
very_lame\286.jpg,very_lame
very_lame\287.jpg,very_lame
very_lame\287.jpg,very_lame
very_lame\288.jpg,very_lame
very_lame\289.jpg,very_lame
very_lame\290.jpg,very_lame
very_lame\290.jpg,very_lame
very_lame\291.jpg,very_lame
very_lame\291.jpg,very_lame
very_lame\292.jpg,very_lame
very_lame\292.jpg,very_lame
very_lame\293.jpg,very_lame
very_lame\293.jpg,very_lame
very_lame\294.jpg,very_lame
very_lame\294.jpg,very_lame
very_lame\295.jpg,very_lame
very_lame\295.jpg,very_lame
very_lame\296.jpg,very_lame
very_lame\296.jpg,very_lame
very_lame\297.jpg,very_lame
very_lame\297.jpg,very_lame
very_lame\298.jpg,very_lame
very_lame\299.jpg,very_lame
very_lame\300.jpg,very_lame
very_lame\301.jpg,very_lame
very_lame\302.jpg,very_lame
very_lame\303.jpg,very_lame
very_lame\303.jpg,very_lame
very_lame\304.jpg,very_lame
very_lame\305.jpg,very_lame
very_lame\306.jpg,very_lame
very_lame\306.jpg,very_lame
very_lame\307.jpg,very_lame
very_lame\307.jpg,very_lame
very_lame\308.jpg,very_lame
very_lame\308.jpg,very_lame
very_lame\309.jpg,very_lame
very_lame\309.jpg,very_lame
very_lame\310.jpg,very_lame
very_lame\310.jpg,very_lame
very_lame\311.jpg,very_lame
very_lame\311.jpg,very_lame
very_lame\312.jpg,very_lame
very_lame\312.jpg,very_lame
very_lame\313.jpg,very_lame
very_lame\313.jpg,very_lame
very_lame\314.jpg,very_lame
very_lame\314.jpg,very_lame
very_lame\315.jpg,very_lame
very_lame\315.jpg,very_lame
very_lame\316.jpg,very_lame
very_lame\316.jpg,very_lame
very_lame\317.jpg,very_lame
very_lame\317.jpg,very_lame
very_lame\318.jpg,very_lame
very_lame\318.jpg,very_lame
very_lame\319.jpg,very_lame
very_lame\319.jpg,very_lame
very_lame\320.jpg,very_lame
very_lame\320.jpg,very_lame
very_lame\321.jpg,very_lame
very_lame\321.jpg,very_lame
very_lame\322.jpg,very_lame
very_lame\322.jpg,very_lame
very_lame\323.jpg,very_lame
very_lame\323.jpg,very_lame
very_lame\324.jpg,very_lame
very_lame\324.jpg,very_lame
very_lame\325.jpg,very_lame
very_lame\325.jpg,very_lame
very_lame\326.jpg,very_lame
very_lame\326.jpg,very_lame
very_lame\327.jpg,very_lame
very_lame\327.jpg,very_lame
very_lame\328.jpg,very_lame
very_lame\328.jpg,very_lame
very_lame\329.jpg,very_lame
very_lame\329.jpg,very_lame
very_lame\330.jpg,very_lame
very_lame\330.jpg,very_lame
very_lame\331.jpg,very_lame
very_lame\332.jpg,very_lame
very_lame\332.jpg,very_lame
very_lame\333.jpg,very_lame
very_lame\333.jpg,very_lame
very_lame\334.jpg,very_lame
very_lame\334.jpg,very_lame
very_lame\335.jpg,very_lame
very_lame\335.jpg,very_lame
very_lame\336.jpg,very_lame
very_lame\336.jpg,very_lame
very_lame\337.jpg,very_lame
very_lame\337.jpg,very_lame
very_lame\338.jpg,very_lame
very_lame\338.jpg,very_lame
very_lame\339.jpg,very_lame
very_lame\339.jpg,very_lame
very_lame\340.jpg,very_lame
very_lame\340.jpg,very_lame
very_lame\341.jpg,very_lame
very_lame\341.jpg,very_lame
very_lame\342.jpg,very_lame
very_lame\342.jpg,very_lame
very_lame\343.jpg,very_lame
very_lame\343.jpg,very_lame
very_lame\344.jpg,very_lame
very_lame\344.jpg,very_lame
very_lame\345.jpg,very_lame
very_lame\345.jpg,very_lame
very_lame\346.jpg,very_lame
very_lame\346.jpg,very_lame
very_lame\347.jpg,very_lame
very_lame\347.jpg,very_lame
very_lame\348.jpg,very_lame
very_lame\348.jpg,very_lame
very_lame\349.jpg,very_lame
very_lame\349.jpg,very_lame
very_lame\350.jpg,very_lame
very_lame\350.jpg,very_lame
very_lame\351.jpg,very_lame
very_lame\351.jpg,very_lame
very_lame\352.jpg,very_lame
very_lame\353.jpg,very_lame
very_lame\354.jpg,very_lame
very_lame\355.jpg,very_lame
very_lame\356.jpg,very_lame
very_lame\357.jpg,very_lame
very_lame\358.jpg,very_lame
very_lame\359.jpg,very_lame
very_lame\360.jpg,very_lame
very_lame\361.jpg,very_lame
very_lame\362.jpg,very_lame
very_lame\363.jpg,very_lame
very_lame\364.jpg,very_lame
very_lame\365.jpg,very_lame
very_lame\366.jpg,very_lame
very_lame\367.jpg,very_lame
very_lame\368.jpg,very_lame
very_lame\369.jpg,very_lame
very_lame\370.jpg,very_lame
very_lame\371.jpg,very_lame
very_lame\372.jpg,very_lame
very_lame\373.jpg,very_lame
very_lame\374.jpg,very_lame
very_lame\375.jpg,very_lame
very_lame\376.jpg,very_lame
very_lame\377.jpg,very_lame
very_lame\378.jpg,very_lame
very_lame\379.jpg,very_lame
very_lame\380.jpg,very_lame
very_lame\381.jpg,very_lame
very_lame\382.jpg,very_lame
very_lame\383.jpg,very_lame
very_lame\384.jpg,very_lame
very_lame\385.jpg,very_lame
very_lame\386.jpg,very_lame
very_lame\387.jpg,very_lame
very_lame\388.jpg,very_lame
very_lame\389.jpg,very_lame
very_lame\390.jpg,very_lame
very_lame\391.jpg,very_lame
very_lame\392.jpg,very_lame
very_lame\393.jpg,very_lame
very_lame\394.jpg,very_lame
very_lame\395.jpg,very_lame
very_lame\396.jpg,very_lame
very_lame\397.jpg,very_lame
very_lame\398.jpg,very_lame
very_lame\399.jpg,very_lame
very_lame\400.jpg,very_lame
very_lame\401.jpg,very_lame
very_lame\402.jpg,very_lame
very_lame\403.jpg,very_lame
very_lame\404.jpg,very_lame
very_lame\405.jpg,very_lame
very_lame\406.jpg,very_lame
very_lame\407.jpg,very_lame
very_lame\408.jpg,very_lame
very_lame\409.jpg,very_lame
very_lame\410.jpg,very_lame
very_lame\411.jpg,very_lame
very_lame\412.jpg,very_lame
very_lame\413.jpg,very_lame
very_lame\414.jpg,very_lame
very_lame\415.jpg,very_lame
very_lame\416.jpg,very_lame
very_lame\417.jpg,very_lame
very_lame\418.jpg,very_lame
very_lame\419.jpg,very_lame
very_lame\420.jpg,very_lame
very_lame\421.jpg,very_lame
very_lame\422.jpg,very_lame
very_lame\423.jpg,very_lame
very_lame\424.jpg,very_lame
very_lame\425.jpg,very_lame
very_lame\426.jpg,very_lame
very_lame\427.jpg,very_lame
very_lame\428.jpg,very_lame
very_lame\429.jpg,very_lame
very_lame\430.jpg,very_lame
very_lame\431.jpg,very_lame
very_lame\432.jpg,very_lame
very_lame\433.jpg,very_lame
very_lame\434.jpg,very_lame
very_lame\435.jpg,very_lame
very_lame\436.jpg,very_lame
very_lame\437.jpg,very_lame
very_lame\438.jpg,very_lame
very_lame\439.jpg,very_lame
very_lame\440.jpg,very_lame
very_lame\441.jpg,very_lame
very_lame\442.jpg,very_lame
very_lame\443.jpg,very_lame
very_lame\444.jpg,very_lame
very_lame\445.jpg,very_lame
very_lame\446.jpg,very_lame
very_lame\447.jpg,very_lame
very_lame\448.jpg,very_lame
very_lame\449.jpg,very_lame
very_lame\450.jpg,very_lame
very_lame\451.jpg,very_lame
very_lame\452.jpg,very_lame
very_lame\453.jpg,very_lame
very_lame\454.jpg,very_lame
very_lame\455.jpg,very_lame
very_lame\456.jpg,very_lame
very_lame\457.jpg,very_lame
very_lame\458.jpg,very_lame
very_lame\459.jpg,very_lame
very_lame\460.jpg,very_lame
very_lame\461.jpg,very_lame
very_lame\462.jpg,very_lame
very_lame\463.jpg,very_lame
very_lame\464.jpg,very_lame
very_lame\465.jpg,very_lame
very_lame\466.jpg,very_lame
very_lame\467.jpg,very_lame
very_lame\468.jpg,very_lame
very_lame\469.jpg,very_lame
very_lame\470.jpg,very_lame
very_lame\471.jpg,very_lame
very_lame\472.jpg,very_lame
very_lame\473.jpg,very_lame
very_lame\474.jpg,very_lame
very_lame\475.jpg,very_lame
very_lame\476.jpg,very_lame
very_lame\477.jpg,very_lame
very_lame\478.jpg,very_lame
very_lame\479.jpg,very_lame
very_lame\480.jpg,very_lame
very_lame\481.jpg,very_lame
very_lame\482.jpg,very_lame
very_lame\483.jpg,very_lame
very_lame\484.jpg,very_lame
very_lame\485.jpg,very_lame
very_lame\486.jpg,very_lame
very_lame\487.jpg,very_lame
very_lame\488.jpg,very_lame
very_lame\489.jpg,very_lame
very_lame\490.jpg,very_lame
very_lame\491.jpg,very_lame
very_lame\492.jpg,very_lame
very_lame\493.jpg,very_lame
very_lame\494.jpg,very_lame
very_lame\495.jpg,very_lame
very_lame\496.jpg,very_lame
very_lame\497.jpg,very_lame
very_lame\498.jpg,very_lame
very_lame\499.jpg,very_lame
very_lame\500.jpg,very_lame
very_lame\501.jpg,very_lame
very_lame\502.jpg,very_lame
very_lame\503.jpg,very_lame
very_lame\504.jpg,very_lame
very_lame\505.jpg,very_lame
very_lame\506.jpg,very_lame
very_lame\507.jpg,very_lame
very_lame\508.jpg,very_lame
very_lame\509.jpg,very_lame
very_lame\510.jpg,very_lame
very_lame\511.jpg,very_lame
very_lame\512.jpg,very_lame
very_lame\513.jpg,very_lame
very_lame\514.jpg,very_lame
very_lame\515.jpg,very_lame
very_lame\516.jpg,very_lame
very_lame\517.jpg,very_lame
very_lame\518.jpg,very_lame
very_lame\519.jpg,very_lame
very_lame\520.jpg,very_lame
very_lame\521.jpg,very_lame
very_lame\522.jpg,very_lame
very_lame\523.jpg,very_lame
very_lame\524.jpg,very_lame
very_lame\525.jpg,very_lame
very_lame\526.jpg,very_lame
very_lame\526.jpg,very_lame
very_lame\527.jpg,very_lame
very_lame\527.jpg,very_lame
very_lame\528.jpg,very_lame
very_lame\528.jpg,very_lame
very_lame\529.jpg,very_lame
very_lame\529.jpg,very_lame
very_lame\530.jpg,very_lame
very_lame\530.jpg,very_lame
very_lame\531.jpg,very_lame
very_lame\531.jpg,very_lame
very_lame\532.jpg,very_lame
very_lame\532.jpg,very_lame
very_lame\533.jpg,very_lame
very_lame\533.jpg,very_lame
very_lame\534.jpg,very_lame
very_lame\534.jpg,very_lame
very_lame\535.jpg,very_lame
very_lame\535.jpg,very_lame
very_lame\536.jpg,very_lame
very_lame\536.jpg,very_lame
very_lame\537.jpg,very_lame
very_lame\537.jpg,very_lame
very_lame\538.jpg,very_lame
very_lame\538.jpg,very_lame
very_lame\539.jpg,very_lame
very_lame\539.jpg,very_lame
very_lame\540.jpg,very_lame
very_lame\540.jpg,very_lame
very_lame\541.jpg,very_lame
very_lame\541.jpg,very_lame
very_lame\542.jpg,very_lame
very_lame\542.jpg,very_lame
very_lame\543.jpg,very_lame
very_lame\543.jpg,very_lame
very_lame\544.jpg,very_lame
very_lame\544.jpg,very_lame
very_lame\545.jpg,very_lame
very_lame\545.jpg,very_lame
very_lame\546.jpg,very_lame
very_lame\546.jpg,very_lame
very_lame\547.jpg,very_lame
very_lame\547.jpg,very_lame
very_lame\548.jpg,very_lame
very_lame\549.jpg,very_lame
very_lame\550.jpg,very_lame
very_lame\551.jpg,very_lame
very_lame\552.jpg,very_lame
very_lame\553.jpg,very_lame
very_lame\554.jpg,very_lame
very_lame\555.jpg,very_lame
very_lame\643.jpg,very_lame
very_lame\644.jpg,very_lame
very_lame\645.jpg,very_lame
very_lame\646.jpg,very_lame
very_lame\647.jpg,very_lame
very_lame\648.jpg,very_lame
very_lame\649.jpg,very_lame
very_lame\650.jpg,very_lame
very_lame\651.jpg,very_lame
very_lame\652.jpg,very_lame
very_lame\653.jpg,very_lame
very_lame\654.jpg,very_lame
very_lame\655.jpg,very_lame
very_lame\656.jpg,very_lame
very_lame\657.jpg,very_lame
very_lame\658.jpg,very_lame
very_lame\659.jpg,very_lame
very_lame\660.jpg,very_lame
very_lame\661.jpg,very_lame
very_lame\662.jpg,very_lame
very_lame\663.jpg,very_lame
very_lame\664.jpg,very_lame
very_lame\665.jpg,very_lame
very_lame\666.jpg,very_lame
very_lame\667.jpg,very_lame
very_lame\668.jpg,very_lame
very_lame\669.jpg,very_lame
very_lame\670.jpg,very_lame
very_lame\671.jpg,very_lame
very_lame\672.jpg,very_lame
very_lame\673.jpg,very_lame
very_lame\674.jpg,very_lame
very_lame\675.jpg,very_lame
very_lame\676.jpg,very_lame
very_lame\677.jpg,very_lame
very_lame\678.jpg,very_lame
very_lame\679.jpg,very_lame
very_lame\680.jpg,very_lame
very_lame\681.jpg,very_lame
very_lame\682.jpg,very_lame
very_lame\683.jpg,very_lame
very_lame\684.jpg,very_lame
very_lame\685.jpg,very_lame
very_lame\686.jpg,very_lame
very_lame\687.jpg,very_lame
very_lame\688.jpg,very_lame
very_lame\689.jpg,very_lame
very_lame\690.jpg,very_lame
very_lame\691.jpg,very_lame
very_lame\692.jpg,very_lame
very_lame\693.jpg,very_lame
very_lame\694.jpg,very_lame
very_lame\695.jpg,very_lame
very_lame\696.jpg,very_lame
very_lame\697.jpg,very_lame
very_lame\698.jpg,very_lame
very_lame\699.jpg,very_lame
very_lame\700.jpg,very_lame
very_lame\701.jpg,very_lame
very_lame\702.jpg,very_lame
very_lame\703.jpg,very_lame
very_lame\704.jpg,very_lame
very_lame\705.jpg,very_lame
very_lame\706.jpg,very_lame
very_lame\707.jpg,very_lame
very_lame\708.jpg,very_lame
very_lame\709.jpg,very_lame
very_lame\709.jpg,very_lame
very_lame\710.jpg,very_lame
very_lame\710.jpg,very_lame
very_lame\711.jpg,very_lame
very_lame\711.jpg,very_lame
very_lame\712.jpg,very_lame
very_lame\712.jpg,very_lame
very_lame\713.jpg,very_lame
very_lame\713.jpg,very_lame
very_lame\714.jpg,very_lame
very_lame\714.jpg,very_lame
very_lame\715.jpg,very_lame
very_lame\715.jpg,very_lame
very_lame\716.jpg,very_lame
very_lame\716.jpg,very_lame
very_lame\717.jpg,very_lame
very_lame\718.jpg,very_lame
very_lame\719.jpg,very_lame
very_lame\720.jpg,very_lame
very_lame\721.jpg,very_lame
very_lame\722.jpg,very_lame
very_lame\723.jpg,very_lame
very_lame\724.jpg,very_lame
very_lame\724.jpg,very_lame
very_lame\725.jpg,very_lame
very_lame\726.jpg,very_lame
very_lame\726.jpg,very_lame
very_lame\727.jpg,very_lame
very_lame\728.jpg,very_lame
very_lame\728.jpg,very_lame
very_lame\729.jpg,very_lame
very_lame\729.jpg,very_lame
very_lame\730.jpg,very_lame
very_lame\730.jpg,very_lame
very_lame\731.jpg,very_lame
very_lame\731.jpg,very_lame
very_lame\732.jpg,very_lame
very_lame\732.jpg,very_lame
very_lame\733.jpg,very_lame
very_lame\733.jpg,very_lame
very_lame\734.jpg,very_lame
very_lame\735.jpg,very_lame
very_lame\736.jpg,very_lame
very_lame\737.jpg,very_lame
very_lame\738.jpg,very_lame
very_lame\739.jpg,very_lame
very_lame\740.jpg,very_lame
very_lame\741.jpg,very_lame
very_lame\742.jpg,very_lame
very_lame\743.jpg,very_lame
very_lame\744.jpg,very_lame
very_lame\745.jpg,very_lame
very_lame\746.jpg,very_lame
very_lame\747.jpg,very_lame
very_lame\748.jpg,very_lame
very_lame\749.jpg,very_lame
very_lame\750.jpg,very_lame
very_lame\751.jpg,very_lame
very_lame\752.jpg,very_lame
very_lame\753.jpg,very_lame
very_lame\754.jpg,very_lame
very_lame\755.jpg,very_lame
very_lame\756.jpg,very_lame
very_lame\757.jpg,very_lame
very_lame\758.jpg,very_lame
very_lame\759.jpg,very_lame
very_lame\760.jpg,very_lame
very_lame\761.jpg,very_lame
very_lame\762.jpg,very_lame
very_lame\763.jpg,very_lame
very_lame\764.jpg,very_lame
very_lame\765.jpg,very_lame
very_lame\766.jpg,very_lame
very_lame\767.jpg,very_lame
very_lame\768.jpg,very_lame
very_lame\769.jpg,very_lame
very_lame\770.jpg,very_lame
very_lame\771.jpg,very_lame
very_lame\772.jpg,very_lame
very_lame\773.jpg,very_lame
very_lame\774.jpg,very_lame
very_lame\775.jpg,very_lame
very_lame\776.jpg,very_lame
very_lame\777.jpg,very_lame
very_lame\778.jpg,very_lame
very_lame\779.jpg,very_lame
very_lame\780.jpg,very_lame
very_lame\781.jpg,very_lame
very_lame\782.jpg,very_lame
very_lame\783.jpg,very_lame
very_lame\784.jpg,very_lame
very_lame\785.jpg,very_lame
very_lame\786.jpg,very_lame
very_lame\787.jpg,very_lame
very_lame\788.jpg,very_lame
very_lame\789.jpg,very_lame
very_lame\790.jpg,very_lame
very_lame\791.jpg,very_lame
very_lame\792.jpg,very_lame
very_lame\793.jpg,very_lame
very_lame\794.jpg,very_lame
very_lame\795.jpg,very_lame
very_lame\796.jpg,very_lame
very_lame\797.jpg,very_lame
very_lame\798.jpg,very_lame
very_lame\799.jpg,very_lame
very_lame\800.jpg,very_lame
very_lame\801.jpg,very_lame
very_lame\802.jpg,very_lame
very_lame\803.jpg,very_lame
very_lame\804.jpg,very_lame
very_lame\805.jpg,very_lame
very_lame\806.jpg,very_lame
very_lame\807.jpg,very_lame
very_lame\808.jpg,very_lame
very_lame\809.jpg,very_lame
very_lame\812.jpg,very_lame
very_lame\813.jpg,very_lame
very_lame\814.jpg,very_lame
very_lame\815.jpg,very_lame
very_lame\816.jpg,very_lame
very_lame\817.jpg,very_lame
very_lame\818.jpg,very_lame
very_lame\819.jpg,very_lame
very_lame\820.jpg,very_lame
very_lame\821.jpg,very_lame
very_lame\822.jpg,very_lame
very_lame\823.jpg,very_lame
very_lame\824.jpg,very_lame
very_lame\825.jpg,very_lame
very_lame\826.jpg,very_lame
very_lame\827.jpg,very_lame
very_lame\828.jpg,very_lame
very_lame\829.jpg,very_lame
very_lame\830.jpg,very_lame
very_lame\831.jpg,very_lame
very_lame\832.jpg,very_lame
very_lame\833.jpg,very_lame
very_lame\834.jpg,very_lame
very_lame\835.jpg,very_lame
very_lame\836.jpg,very_lame
very_lame\837.jpg,very_lame
very_lame\838.jpg,very_lame
very_lame\839.jpg,very_lame
very_lame\840.jpg,very_lame
very_lame\841.jpg,very_lame
very_lame\842.jpg,very_lame
very_lame\843.jpg,very_lame
very_lame\844.jpg,very_lame
very_lame\845.jpg,very_lame
very_lame\846.jpg,very_lame
very_lame\847.jpg,very_lame
very_lame\848.jpg,very_lame
very_lame\849.jpg,very_lame
very_lame\850.jpg,very_lame
very_lame\851.jpg,very_lame
very_lame\852.jpg,very_lame
very_lame\853.jpg,very_lame
very_lame\854.jpg,very_lame
very_lame\855.jpg,very_lame
very_lame\856.jpg,very_lame
very_lame\857.jpg,very_lame
very_lame\858.jpg,very_lame
very_lame\859.jpg,very_lame
very_lame\860.jpg,very_lame
very_lame\861.jpg,very_lame
very_lame\862.jpg,very_lame
very_lame\863.jpg,very_lame
very_lame\864.jpg,very_lame
very_lame\865.jpg,very_lame
very_lame\866.jpg,very_lame
very_lame\867.jpg,very_lame
very_lame\868.jpg,very_lame
very_lame\869.jpg,very_lame
very_lame\870.jpg,very_lame
very_lame\871.jpg,very_lame
very_lame\872.jpg,very_lame
very_lame\873.jpg,very_lame
very_lame\874.jpg,very_lame
very_lame\875.jpg,very_lame
very_lame\876.jpg,very_lame
very_lame\877.jpg,very_lame
very_lame\878.jpg,very_lame
very_lame\879.jpg,very_lame
very_lame\880.jpg,very_lame
very_lame\881.jpg,very_lame
very_lame\882.jpg,very_lame
very_lame\883.jpg,very_lame
very_lame\884.jpg,very_lame
very_lame\885.jpg,very_lame
very_lame\886.jpg,very_lame
very_lame\887.jpg,very_lame
very_lame\888.jpg,very_lame
very_lame\889.jpg,very_lame
very_lame\890.jpg,very_lame
very_lame\891.jpg,very_lame
very_lame\892.jpg,very_lame
very_lame\893.jpg,very_lame
very_lame\894.jpg,very_lame
very_lame\895.jpg,very_lame
very_lame\896.jpg,very_lame
very_lame\897.jpg,very_lame
very_lame\898.jpg,very_lame
very_lame\899.jpg,very_lame
very_lame\900.jpg,very_lame
very_lame\901.jpg,very_lame
very_lame\902.jpg,very_lame
very_lame\903.jpg,very_lame
very_lame\904.jpg,very_lame
very_lame\905.jpg,very_lame
very_lame\906.jpg,very_lame
very_lame\907.jpg,very_lame
very_lame\908.jpg,very_lame
very_lame\909.jpg,very_lame
very_lame\910.jpg,very_lame
very_lame\911.jpg,very_lame
very_lame\912.jpg,very_lame
very_lame\913.jpg,very_lame
very_lame\914.jpg,very_lame
very_lame\915.jpg,very_lame
very_lame\916.jpg,very_lame
very_lame\0.jpg,very_lame
very_lame\1.jpg,very_lame
very_lame\2.jpg,very_lame
very_lame\3.jpg,very_lame
very_lame\4.jpg,very_lame
very_lame\5.jpg,very_lame
very_lame\6.jpg,very_lame
very_lame\7.jpg,very_lame
very_lame\8.jpg,very_lame
very_lame\9.jpg,very_lame
very_lame\10.jpg,very_lame
very_lame\11.jpg,very_lame
very_lame\12.jpg,very_lame
very_lame\13.jpg,very_lame
very_lame\14.jpg,very_lame
very_lame\15.jpg,very_lame
very_lame\16.jpg,very_lame
very_lame\17.jpg,very_lame
very_lame\18.jpg,very_lame
very_lame\19.jpg,very_lame
very_lame\20.jpg,very_lame
very_lame\21.jpg,very_lame
very_lame\22.jpg,very_lame
very_lame\23.jpg,very_lame
very_lame\24.jpg,very_lame
very_lame\25.jpg,very_lame
very_lame\26.jpg,very_lame
very_lame\27.jpg,very_lame
very_lame\28.jpg,very_lame
very_lame\29.jpg,very_lame
very_lame\30.jpg,very_lame
very_lame\31.jpg,very_lame
very_lame\32.jpg,very_lame
very_lame\33.jpg,very_lame
very_lame\34.jpg,very_lame
very_lame\35.jpg,very_lame
very_lame\36.jpg,very_lame
very_lame\37.jpg,very_lame
very_lame\38.jpg,very_lame
very_lame\39.jpg,very_lame
very_lame\40.jpg,very_lame
very_lame\41.jpg,very_lame
very_lame\42.jpg,very_lame
very_lame\43.jpg,very_lame
very_lame\44.jpg,very_lame
very_lame\45.jpg,very_lame
very_lame\46.jpg,very_lame
very_lame\47.jpg,very_lame
very_lame\48.jpg,very_lame
very_lame\49.jpg,very_lame
very_lame\50.jpg,very_lame
very_lame\51.jpg,very_lame
very_lame\52.jpg,very_lame
very_lame\53.jpg,very_lame
very_lame\54.jpg,very_lame
very_lame\55.jpg,very_lame
very_lame\56.jpg,very_lame
very_lame\57.jpg,very_lame
very_lame\58.jpg,very_lame
very_lame\59.jpg,very_lame
very_lame\60.jpg,very_lame
very_lame\61.jpg,very_lame
very_lame\62.jpg,very_lame
very_lame\63.jpg,very_lame
very_lame\64.jpg,very_lame
very_lame\65.jpg,very_lame
very_lame\66.jpg,very_lame
very_lame\67.jpg,very_lame
very_lame\68.jpg,very_lame
very_lame\69.jpg,very_lame
very_lame\70.jpg,very_lame
very_lame\71.jpg,very_lame
very_lame\72.jpg,very_lame
very_lame\73.jpg,very_lame
very_lame\74.jpg,very_lame
very_lame\75.jpg,very_lame
very_lame\76.jpg,very_lame
very_lame\77.jpg,very_lame
very_lame\78.jpg,very_lame
very_lame\79.jpg,very_lame
very_lame\80.jpg,very_lame
very_lame\81.jpg,very_lame
very_lame\82.jpg,very_lame
very_lame\83.jpg,very_lame
very_lame\84.jpg,very_lame
very_lame\85.jpg,very_lame
very_lame\86.jpg,very_lame
very_lame\87.jpg,very_lame
very_lame\88.jpg,very_lame
very_lame\89.jpg,very_lame
very_lame\90.jpg,very_lame
very_lame\91.jpg,very_lame
very_lame\92.jpg,very_lame
very_lame\93.jpg,very_lame
very_lame\94.jpg,very_lame
very_lame\95.jpg,very_lame
very_lame\96.jpg,very_lame
very_lame\97.jpg,very_lame
very_lame\98.jpg,very_lame
very_lame\99.jpg,very_lame
very_lame\100.jpg,very_lame
very_lame\101.jpg,very_lame
very_lame\102.jpg,very_lame
very_lame\103.jpg,very_lame
very_lame\104.jpg,very_lame
very_lame\105.jpg,very_lame
very_lame\106.jpg,very_lame
very_lame\107.jpg,very_lame
very_lame\108.jpg,very_lame
very_lame\109.jpg,very_lame
very_lame\110.jpg,very_lame
very_lame\111.jpg,very_lame
very_lame\112.jpg,very_lame
very_lame\113.jpg,very_lame
very_lame\114.jpg,very_lame
very_lame\115.jpg,very_lame
very_lame\116.jpg,very_lame
very_lame\117.jpg,very_lame
very_lame\118.jpg,very_lame
very_lame\119.jpg,very_lame
very_lame\120.jpg,very_lame
very_lame\121.jpg,very_lame
very_lame\122.jpg,very_lame
very_lame\123.jpg,very_lame
very_lame\124.jpg,very_lame
very_lame\125.jpg,very_lame
very_lame\126.jpg,very_lame
very_lame\127.jpg,very_lame
very_lame\128.jpg,very_lame
very_lame\129.jpg,very_lame
very_lame\130.jpg,very_lame
very_lame\131.jpg,very_lame
very_lame\132.jpg,very_lame
very_lame\133.jpg,very_lame
very_lame\134.jpg,very_lame
very_lame\135.jpg,very_lame
very_lame\136.jpg,very_lame
very_lame\137.jpg,very_lame
very_lame\138.jpg,very_lame
very_lame\139.jpg,very_lame
very_lame\140.jpg,very_lame
very_lame\141.jpg,very_lame
very_lame\142.jpg,very_lame
very_lame\143.jpg,very_lame
very_lame\143.jpg,very_lame
very_lame\144.jpg,very_lame
very_lame\145.jpg,very_lame
very_lame\146.jpg,very_lame
very_lame\147.jpg,very_lame
very_lame\148.jpg,very_lame
very_lame\148.jpg,very_lame
very_lame\149.jpg,very_lame
very_lame\149.jpg,very_lame
very_lame\150.jpg,very_lame
very_lame\151.jpg,very_lame
very_lame\152.jpg,very_lame
very_lame\153.jpg,very_lame
very_lame\154.jpg,very_lame
very_lame\154.jpg,very_lame
very_lame\155.jpg,very_lame
very_lame\155.jpg,very_lame
very_lame\156.jpg,very_lame
very_lame\156.jpg,very_lame
very_lame\157.jpg,very_lame
very_lame\157.jpg,very_lame
very_lame\158.jpg,very_lame
very_lame\159.jpg,very_lame
very_lame\160.jpg,very_lame
very_lame\160.jpg,very_lame
very_lame\161.jpg,very_lame
very_lame\161.jpg,very_lame
very_lame\162.jpg,very_lame
very_lame\163.jpg,very_lame
very_lame\164.jpg,very_lame
very_lame\165.jpg,very_lame
very_lame\166.jpg,very_lame
very_lame\167.jpg,very_lame
very_lame\168.jpg,very_lame
very_lame\169.jpg,very_lame
very_lame\170.jpg,very_lame
very_lame\171.jpg,very_lame
very_lame\172.jpg,very_lame
very_lame\173.jpg,very_lame
very_lame\173.jpg,very_lame
very_lame\174.jpg,very_lame
very_lame\175.jpg,very_lame
very_lame\176.jpg,very_lame
very_lame\177.jpg,very_lame
very_lame\178.jpg,very_lame
very_lame\179.jpg,very_lame
very_lame\180.jpg,very_lame
very_lame\181.jpg,very_lame
very_lame\182.jpg,very_lame
very_lame\183.jpg,very_lame
very_lame\184.jpg,very_lame
very_lame\185.jpg,very_lame
very_lame\186.jpg,very_lame
very_lame\187.jpg,very_lame
very_lame\188.jpg,very_lame
very_lame\189.jpg,very_lame
very_lame\190.jpg,very_lame
very_lame\191.jpg,very_lame
very_lame\192.jpg,very_lame
very_lame\193.jpg,very_lame
very_lame\194.jpg,very_lame
very_lame\195.jpg,very_lame
very_lame\196.jpg,very_lame
very_lame\197.jpg,very_lame
very_lame\198.jpg,very_lame
very_lame\199.jpg,very_lame
very_lame\200.jpg,very_lame
very_lame\201.jpg,very_lame
very_lame\202.jpg,very_lame
very_lame\203.jpg,very_lame
very_lame\204.jpg,very_lame
very_lame\205.jpg,very_lame
very_lame\206.jpg,very_lame
very_lame\207.jpg,very_lame
very_lame\208.jpg,very_lame
very_lame\209.jpg,very_lame
very_lame\210.jpg,very_lame
very_lame\211.jpg,very_lame
very_lame\212.jpg,very_lame
very_lame\213.jpg,very_lame
very_lame\213.jpg,very_lame
very_lame\214.jpg,very_lame
very_lame\214.jpg,very_lame
very_lame\215.jpg,very_lame
very_lame\215.jpg,very_lame
very_lame\216.jpg,very_lame
very_lame\216.jpg,very_lame
very_lame\217.jpg,very_lame
very_lame\217.jpg,very_lame
very_lame\218.jpg,very_lame
very_lame\218.jpg,very_lame
very_lame\219.jpg,very_lame
very_lame\220.jpg,very_lame
very_lame\221.jpg,very_lame
very_lame\222.jpg,very_lame
very_lame\223.jpg,very_lame
very_lame\224.jpg,very_lame
very_lame\225.jpg,very_lame
very_lame\226.jpg,very_lame
very_lame\227.jpg,very_lame
very_lame\228.jpg,very_lame
very_lame\229.jpg,very_lame
very_lame\230.jpg,very_lame
very_lame\231.jpg,very_lame
very_lame\232.jpg,very_lame
very_lame\233.jpg,very_lame
very_lame\234.jpg,very_lame
very_lame\235.jpg,very_lame
very_lame\236.jpg,very_lame
very_lame\237.jpg,very_lame
very_lame\238.jpg,very_lame
very_lame\239.jpg,very_lame
very_lame\240.jpg,very_lame
very_lame\241.jpg,very_lame
very_lame\242.jpg,very_lame
very_lame\243.jpg,very_lame
very_lame\244.jpg,very_lame
very_lame\245.jpg,very_lame
very_lame\246.jpg,very_lame
very_lame\247.jpg,very_lame
very_lame\248.jpg,very_lame
very_lame\249.jpg,very_lame
very_lame\250.jpg,very_lame
very_lame\251.jpg,very_lame
very_lame\252.jpg,very_lame
very_lame\253.jpg,very_lame
very_lame\254.jpg,very_lame
very_lame\255.jpg,very_lame
very_lame\256.jpg,very_lame
very_lame\256.jpg,very_lame
very_lame\257.jpg,very_lame
very_lame\257.jpg,very_lame
very_lame\258.jpg,very_lame
very_lame\258.jpg,very_lame
very_lame\259.jpg,very_lame
very_lame\259.jpg,very_lame
very_lame\260.jpg,very_lame
very_lame\260.jpg,very_lame
very_lame\261.jpg,very_lame
very_lame\261.jpg,very_lame
very_lame\262.jpg,very_lame
very_lame\262.jpg,very_lame
very_lame\263.jpg,very_lame
very_lame\263.jpg,very_lame
very_lame\264.jpg,very_lame
very_lame\264.jpg,very_lame
very_lame\265.jpg,very_lame
very_lame\265.jpg,very_lame
very_lame\266.jpg,very_lame
very_lame\266.jpg,very_lame
very_lame\267.jpg,very_lame
very_lame\268.jpg,very_lame
very_lame\268.jpg,very_lame
very_lame\269.jpg,very_lame
very_lame\269.jpg,very_lame
very_lame\270.jpg,very_lame
very_lame\270.jpg,very_lame
very_lame\271.jpg,very_lame
very_lame\271.jpg,very_lame
very_lame\272.jpg,very_lame
very_lame\272.jpg,very_lame
very_lame\273.jpg,very_lame
very_lame\273.jpg,very_lame
very_lame\274.jpg,very_lame
very_lame\274.jpg,very_lame
very_lame\275.jpg,very_lame
very_lame\275.jpg,very_lame
very_lame\276.jpg,very_lame
very_lame\276.jpg,very_lame
very_lame\277.jpg,very_lame
very_lame\277.jpg,very_lame
very_lame\278.jpg,very_lame
very_lame\278.jpg,very_lame
very_lame\279.jpg,very_lame
very_lame\280.jpg,very_lame
very_lame\280.jpg,very_lame
very_lame\281.jpg,very_lame
very_lame\281.jpg,very_lame
very_lame\282.jpg,very_lame
very_lame\282.jpg,very_lame
very_lame\283.jpg,very_lame
very_lame\283.jpg,very_lame
very_lame\284.jpg,very_lame
very_lame\285.jpg,very_lame
very_lame\285.jpg,very_lame
very_lame\286.jpg,very_lame
very_lame\286.jpg,very_lame
very_lame\287.jpg,very_lame
very_lame\287.jpg,very_lame
very_lame\288.jpg,very_lame
very_lame\289.jpg,very_lame
very_lame\290.jpg,very_lame
very_lame\290.jpg,very_lame
very_lame\291.jpg,very_lame
very_lame\291.jpg,very_lame
very_lame\292.jpg,very_lame
very_lame\292.jpg,very_lame
very_lame\293.jpg,very_lame
very_lame\293.jpg,very_lame
very_lame\294.jpg,very_lame
very_lame\294.jpg,very_lame
very_lame\295.jpg,very_lame
very_lame\295.jpg,very_lame
very_lame\296.jpg,very_lame
very_lame\296.jpg,very_lame
very_lame\297.jpg,very_lame
very_lame\297.jpg,very_lame
very_lame\298.jpg,very_lame
very_lame\299.jpg,very_lame
very_lame\300.jpg,very_lame
very_lame\301.jpg,very_lame
very_lame\302.jpg,very_lame
very_lame\303.jpg,very_lame
very_lame\303.jpg,very_lame
very_lame\304.jpg,very_lame
very_lame\305.jpg,very_lame
very_lame\306.jpg,very_lame
very_lame\306.jpg,very_lame
very_lame\307.jpg,very_lame
very_lame\307.jpg,very_lame
very_lame\308.jpg,very_lame
very_lame\308.jpg,very_lame
very_lame\309.jpg,very_lame
very_lame\309.jpg,very_lame
very_lame\310.jpg,very_lame
very_lame\310.jpg,very_lame
very_lame\311.jpg,very_lame
very_lame\311.jpg,very_lame
very_lame\312.jpg,very_lame
very_lame\312.jpg,very_lame
very_lame\313.jpg,very_lame
very_lame\313.jpg,very_lame
very_lame\314.jpg,very_lame
very_lame\314.jpg,very_lame
very_lame\315.jpg,very_lame
very_lame\315.jpg,very_lame
very_lame\316.jpg,very_lame
very_lame\316.jpg,very_lame
very_lame\317.jpg,very_lame
very_lame\317.jpg,very_lame
very_lame\318.jpg,very_lame
very_lame\318.jpg,very_lame
very_lame\319.jpg,very_lame
very_lame\319.jpg,very_lame
very_lame\320.jpg,very_lame
very_lame\320.jpg,very_lame
very_lame\321.jpg,very_lame
very_lame\321.jpg,very_lame
very_lame\322.jpg,very_lame
very_lame\322.jpg,very_lame
very_lame\323.jpg,very_lame
very_lame\323.jpg,very_lame
very_lame\324.jpg,very_lame
very_lame\324.jpg,very_lame
very_lame\325.jpg,very_lame
very_lame\325.jpg,very_lame
very_lame\326.jpg,very_lame
very_lame\326.jpg,very_lame
very_lame\327.jpg,very_lame
very_lame\327.jpg,very_lame
very_lame\328.jpg,very_lame
very_lame\328.jpg,very_lame
very_lame\329.jpg,very_lame
very_lame\329.jpg,very_lame
very_lame\330.jpg,very_lame
very_lame\330.jpg,very_lame
very_lame\331.jpg,very_lame
very_lame\332.jpg,very_lame
very_lame\332.jpg,very_lame
very_lame\333.jpg,very_lame
very_lame\333.jpg,very_lame
very_lame\334.jpg,very_lame
very_lame\334.jpg,very_lame
very_lame\335.jpg,very_lame
very_lame\335.jpg,very_lame
very_lame\336.jpg,very_lame
very_lame\336.jpg,very_lame
very_lame\337.jpg,very_lame
very_lame\337.jpg,very_lame
very_lame\338.jpg,very_lame
very_lame\338.jpg,very_lame
very_lame\339.jpg,very_lame
very_lame\339.jpg,very_lame
very_lame\340.jpg,very_lame
very_lame\340.jpg,very_lame
very_lame\341.jpg,very_lame
very_lame\341.jpg,very_lame
very_lame\342.jpg,very_lame
very_lame\342.jpg,very_lame
very_lame\343.jpg,very_lame
very_lame\343.jpg,very_lame
very_lame\344.jpg,very_lame
very_lame\344.jpg,very_lame
very_lame\345.jpg,very_lame
very_lame\345.jpg,very_lame
very_lame\346.jpg,very_lame
very_lame\346.jpg,very_lame
very_lame\347.jpg,very_lame
very_lame\347.jpg,very_lame
very_lame\348.jpg,very_lame
very_lame\348.jpg,very_lame
very_lame\349.jpg,very_lame
very_lame\349.jpg,very_lame
very_lame\350.jpg,very_lame
very_lame\350.jpg,very_lame
very_lame\351.jpg,very_lame
very_lame\351.jpg,very_lame
very_lame\352.jpg,very_lame
very_lame\353.jpg,very_lame
very_lame\354.jpg,very_lame
very_lame\355.jpg,very_lame
very_lame\356.jpg,very_lame
very_lame\357.jpg,very_lame
very_lame\358.jpg,very_lame
very_lame\359.jpg,very_lame
very_lame\360.jpg,very_lame
very_lame\361.jpg,very_lame
very_lame\362.jpg,very_lame
very_lame\363.jpg,very_lame
very_lame\364.jpg,very_lame
very_lame\365.jpg,very_lame
very_lame\366.jpg,very_lame
very_lame\367.jpg,very_lame
very_lame\368.jpg,very_lame
very_lame\369.jpg,very_lame
very_lame\370.jpg,very_lame
very_lame\371.jpg,very_lame
very_lame\372.jpg,very_lame
very_lame\373.jpg,very_lame
very_lame\374.jpg,very_lame
very_lame\375.jpg,very_lame
very_lame\376.jpg,very_lame
very_lame\377.jpg,very_lame
very_lame\378.jpg,very_lame
very_lame\379.jpg,very_lame
very_lame\380.jpg,very_lame
very_lame\381.jpg,very_lame
very_lame\382.jpg,very_lame
very_lame\383.jpg,very_lame
very_lame\384.jpg,very_lame
very_lame\385.jpg,very_lame
very_lame\386.jpg,very_lame
very_lame\387.jpg,very_lame
very_lame\388.jpg,very_lame
very_lame\389.jpg,very_lame
very_lame\390.jpg,very_lame
very_lame\391.jpg,very_lame
very_lame\392.jpg,very_lame
very_lame\393.jpg,very_lame
very_lame\394.jpg,very_lame
very_lame\395.jpg,very_lame
very_lame\396.jpg,very_lame
very_lame\397.jpg,very_lame
very_lame\398.jpg,very_lame
very_lame\399.jpg,very_lame
very_lame\400.jpg,very_lame
very_lame\401.jpg,very_lame
very_lame\402.jpg,very_lame
very_lame\403.jpg,very_lame
very_lame\404.jpg,very_lame
very_lame\405.jpg,very_lame
very_lame\406.jpg,very_lame
very_lame\407.jpg,very_lame
very_lame\408.jpg,very_lame
very_lame\409.jpg,very_lame
very_lame\410.jpg,very_lame
very_lame\411.jpg,very_lame
very_lame\412.jpg,very_lame
very_lame\413.jpg,very_lame
very_lame\414.jpg,very_lame
very_lame\415.jpg,very_lame
very_lame\416.jpg,very_lame
very_lame\417.jpg,very_lame
very_lame\418.jpg,very_lame
very_lame\419.jpg,very_lame
very_lame\420.jpg,very_lame
very_lame\421.jpg,very_lame
very_lame\422.jpg,very_lame
very_lame\423.jpg,very_lame
very_lame\424.jpg,very_lame
very_lame\425.jpg,very_lame
very_lame\426.jpg,very_lame
very_lame\427.jpg,very_lame
very_lame\428.jpg,very_lame
very_lame\429.jpg,very_lame
very_lame\430.jpg,very_lame
very_lame\431.jpg,very_lame
very_lame\432.jpg,very_lame
very_lame\433.jpg,very_lame
very_lame\434.jpg,very_lame
very_lame\435.jpg,very_lame
very_lame\436.jpg,very_lame
very_lame\437.jpg,very_lame
very_lame\438.jpg,very_lame
very_lame\439.jpg,very_lame
very_lame\440.jpg,very_lame
very_lame\441.jpg,very_lame
very_lame\442.jpg,very_lame
very_lame\443.jpg,very_lame
very_lame\444.jpg,very_lame
very_lame\445.jpg,very_lame
very_lame\446.jpg,very_lame
very_lame\447.jpg,very_lame
very_lame\448.jpg,very_lame
very_lame\449.jpg,very_lame
very_lame\450.jpg,very_lame
very_lame\451.jpg,very_lame
very_lame\452.jpg,very_lame
very_lame\453.jpg,very_lame
very_lame\454.jpg,very_lame
very_lame\455.jpg,very_lame
very_lame\456.jpg,very_lame
very_lame\457.jpg,very_lame
very_lame\458.jpg,very_lame
very_lame\459.jpg,very_lame
very_lame\460.jpg,very_lame
very_lame\461.jpg,very_lame
very_lame\462.jpg,very_lame
very_lame\463.jpg,very_lame
very_lame\464.jpg,very_lame
very_lame\465.jpg,very_lame
very_lame\466.jpg,very_lame
very_lame\467.jpg,very_lame
very_lame\468.jpg,very_lame
very_lame\469.jpg,very_lame
very_lame\470.jpg,very_lame
very_lame\471.jpg,very_lame
very_lame\472.jpg,very_lame
very_lame\473.jpg,very_lame
very_lame\474.jpg,very_lame
very_lame\475.jpg,very_lame
very_lame\476.jpg,very_lame
very_lame\477.jpg,very_lame
very_lame\478.jpg,very_lame
very_lame\479.jpg,very_lame
very_lame\480.jpg,very_lame
very_lame\481.jpg,very_lame
very_lame\482.jpg,very_lame
very_lame\483.jpg,very_lame
very_lame\484.jpg,very_lame
very_lame\485.jpg,very_lame
very_lame\486.jpg,very_lame
very_lame\487.jpg,very_lame
very_lame\488.jpg,very_lame
very_lame\489.jpg,very_lame
very_lame\490.jpg,very_lame
very_lame\491.jpg,very_lame
very_lame\492.jpg,very_lame
very_lame\493.jpg,very_lame
very_lame\494.jpg,very_lame
very_lame\495.jpg,very_lame
very_lame\496.jpg,very_lame
very_lame\497.jpg,very_lame
very_lame\498.jpg,very_lame
very_lame\499.jpg,very_lame
very_lame\500.jpg,very_lame
very_lame\501.jpg,very_lame
very_lame\502.jpg,very_lame
very_lame\503.jpg,very_lame
very_lame\504.jpg,very_lame
very_lame\505.jpg,very_lame
very_lame\506.jpg,very_lame
very_lame\507.jpg,very_lame
very_lame\508.jpg,very_lame
very_lame\509.jpg,very_lame
very_lame\510.jpg,very_lame
very_lame\511.jpg,very_lame
very_lame\512.jpg,very_lame
very_lame\513.jpg,very_lame
very_lame\514.jpg,very_lame
very_lame\515.jpg,very_lame
very_lame\516.jpg,very_lame
very_lame\517.jpg,very_lame
very_lame\518.jpg,very_lame
very_lame\519.jpg,very_lame
very_lame\520.jpg,very_lame
very_lame\521.jpg,very_lame
very_lame\522.jpg,very_lame
very_lame\523.jpg,very_lame
very_lame\524.jpg,very_lame
very_lame\525.jpg,very_lame
very_lame\526.jpg,very_lame
very_lame\526.jpg,very_lame
very_lame\527.jpg,very_lame
very_lame\527.jpg,very_lame
very_lame\528.jpg,very_lame
very_lame\528.jpg,very_lame
very_lame\529.jpg,very_lame
very_lame\529.jpg,very_lame
very_lame\530.jpg,very_lame
very_lame\530.jpg,very_lame
very_lame\531.jpg,very_lame
very_lame\531.jpg,very_lame
very_lame\532.jpg,very_lame
very_lame\532.jpg,very_lame
very_lame\533.jpg,very_lame
very_lame\533.jpg,very_lame
very_lame\534.jpg,very_lame
very_lame\534.jpg,very_lame
very_lame\535.jpg,very_lame
very_lame\535.jpg,very_lame
very_lame\536.jpg,very_lame
very_lame\536.jpg,very_lame
very_lame\537.jpg,very_lame
very_lame\537.jpg,very_lame
very_lame\538.jpg,very_lame
very_lame\538.jpg,very_lame
very_lame\539.jpg,very_lame
very_lame\539.jpg,very_lame
very_lame\540.jpg,very_lame
very_lame\540.jpg,very_lame
very_lame\541.jpg,very_lame
very_lame\541.jpg,very_lame
very_lame\542.jpg,very_lame
very_lame\542.jpg,very_lame
very_lame\543.jpg,very_lame
very_lame\543.jpg,very_lame
very_lame\544.jpg,very_lame
very_lame\544.jpg,very_lame
very_lame\545.jpg,very_lame
very_lame\545.jpg,very_lame
very_lame\546.jpg,very_lame
very_lame\546.jpg,very_lame
very_lame\547.jpg,very_lame
very_lame\547.jpg,very_lame
very_lame\548.jpg,very_lame
very_lame\549.jpg,very_lame
very_lame\550.jpg,very_lame
very_lame\551.jpg,very_lame
very_lame\552.jpg,very_lame
very_lame\553.jpg,very_lame
very_lame\554.jpg,very_lame
very_lame\555.jpg,very_lame
very_lame\643.jpg,very_lame
very_lame\644.jpg,very_lame
very_lame\645.jpg,very_lame
very_lame\646.jpg,very_lame
very_lame\647.jpg,very_lame
very_lame\648.jpg,very_lame
very_lame\649.jpg,very_lame
very_lame\650.jpg,very_lame
very_lame\651.jpg,very_lame
very_lame\652.jpg,very_lame
very_lame\653.jpg,very_lame
very_lame\654.jpg,very_lame
very_lame\655.jpg,very_lame
very_lame\656.jpg,very_lame
very_lame\657.jpg,very_lame
very_lame\658.jpg,very_lame
very_lame\659.jpg,very_lame
very_lame\660.jpg,very_lame
very_lame\661.jpg,very_lame
very_lame\662.jpg,very_lame
very_lame\663.jpg,very_lame
very_lame\664.jpg,very_lame
very_lame\665.jpg,very_lame
very_lame\666.jpg,very_lame
very_lame\667.jpg,very_lame
very_lame\668.jpg,very_lame
very_lame\669.jpg,very_lame
very_lame\670.jpg,very_lame
very_lame\671.jpg,very_lame
very_lame\672.jpg,very_lame
very_lame\673.jpg,very_lame
very_lame\674.jpg,very_lame
very_lame\675.jpg,very_lame
very_lame\676.jpg,very_lame
very_lame\677.jpg,very_lame
very_lame\678.jpg,very_lame
very_lame\679.jpg,very_lame
very_lame\680.jpg,very_lame
very_lame\681.jpg,very_lame
very_lame\682.jpg,very_lame
very_lame\683.jpg,very_lame
very_lame\684.jpg,very_lame
very_lame\685.jpg,very_lame
very_lame\686.jpg,very_lame
very_lame\687.jpg,very_lame
very_lame\688.jpg,very_lame
very_lame\689.jpg,very_lame
very_lame\690.jpg,very_lame
very_lame\691.jpg,very_lame
very_lame\692.jpg,very_lame
very_lame\693.jpg,very_lame
very_lame\694.jpg,very_lame
very_lame\695.jpg,very_lame
very_lame\696.jpg,very_lame
very_lame\697.jpg,very_lame
very_lame\698.jpg,very_lame
very_lame\699.jpg,very_lame
very_lame\700.jpg,very_lame
very_lame\701.jpg,very_lame
very_lame\702.jpg,very_lame
very_lame\703.jpg,very_lame
very_lame\704.jpg,very_lame
very_lame\705.jpg,very_lame
very_lame\706.jpg,very_lame
very_lame\707.jpg,very_lame
very_lame\708.jpg,very_lame
very_lame\709.jpg,very_lame
very_lame\709.jpg,very_lame
very_lame\710.jpg,very_lame
very_lame\710.jpg,very_lame
very_lame\711.jpg,very_lame
very_lame\711.jpg,very_lame
very_lame\712.jpg,very_lame
very_lame\712.jpg,very_lame
very_lame\713.jpg,very_lame
very_lame\713.jpg,very_lame
very_lame\714.jpg,very_lame
very_lame\714.jpg,very_lame
very_lame\715.jpg,very_lame
very_lame\715.jpg,very_lame
very_lame\716.jpg,very_lame
very_lame\716.jpg,very_lame
very_lame\717.jpg,very_lame
very_lame\718.jpg,very_lame
very_lame\719.jpg,very_lame
very_lame\720.jpg,very_lame
very_lame\721.jpg,very_lame
very_lame\722.jpg,very_lame
very_lame\723.jpg,very_lame
very_lame\724.jpg,very_lame
very_lame\724.jpg,very_lame
very_lame\725.jpg,very_lame
very_lame\726.jpg,very_lame
very_lame\726.jpg,very_lame
very_lame\727.jpg,very_lame
very_lame\728.jpg,very_lame
very_lame\728.jpg,very_lame
very_lame\729.jpg,very_lame
very_lame\729.jpg,very_lame
very_lame\730.jpg,very_lame
very_lame\730.jpg,very_lame
very_lame\731.jpg,very_lame
very_lame\731.jpg,very_lame
very_lame\732.jpg,very_lame
very_lame\732.jpg,very_lame
very_lame\733.jpg,very_lame
very_lame\733.jpg,very_lame
very_lame\734.jpg,very_lame
very_lame\735.jpg,very_lame
very_lame\736.jpg,very_lame
very_lame\737.jpg,very_lame
very_lame\738.jpg,very_lame
very_lame\739.jpg,very_lame
very_lame\740.jpg,very_lame
very_lame\741.jpg,very_lame
very_lame\742.jpg,very_lame
very_lame\743.jpg,very_lame
very_lame\744.jpg,very_lame
very_lame\745.jpg,very_lame
very_lame\746.jpg,very_lame
very_lame\747.jpg,very_lame
very_lame\748.jpg,very_lame
very_lame\749.jpg,very_lame
very_lame\750.jpg,very_lame
very_lame\751.jpg,very_lame
very_lame\752.jpg,very_lame
very_lame\753.jpg,very_lame
very_lame\754.jpg,very_lame
very_lame\755.jpg,very_lame
very_lame\756.jpg,very_lame
very_lame\757.jpg,very_lame
very_lame\758.jpg,very_lame
very_lame\759.jpg,very_lame
very_lame\760.jpg,very_lame
very_lame\761.jpg,very_lame
very_lame\762.jpg,very_lame
very_lame\763.jpg,very_lame
very_lame\764.jpg,very_lame
very_lame\765.jpg,very_lame
very_lame\766.jpg,very_lame
very_lame\767.jpg,very_lame
very_lame\768.jpg,very_lame
very_lame\769.jpg,very_lame
very_lame\770.jpg,very_lame
very_lame\771.jpg,very_lame
very_lame\772.jpg,very_lame
very_lame\773.jpg,very_lame
very_lame\774.jpg,very_lame
very_lame\775.jpg,very_lame
very_lame\776.jpg,very_lame
very_lame\777.jpg,very_lame
very_lame\778.jpg,very_lame
very_lame\779.jpg,very_lame
very_lame\780.jpg,very_lame
very_lame\781.jpg,very_lame
very_lame\782.jpg,very_lame
very_lame\783.jpg,very_lame
very_lame\784.jpg,very_lame
very_lame\785.jpg,very_lame
very_lame\786.jpg,very_lame
very_lame\787.jpg,very_lame
very_lame\788.jpg,very_lame
very_lame\789.jpg,very_lame
very_lame\790.jpg,very_lame
very_lame\791.jpg,very_lame
very_lame\792.jpg,very_lame
very_lame\793.jpg,very_lame
very_lame\794.jpg,very_lame
very_lame\795.jpg,very_lame
very_lame\796.jpg,very_lame
very_lame\797.jpg,very_lame
very_lame\798.jpg,very_lame
very_lame\799.jpg,very_lame
very_lame\800.jpg,very_lame
very_lame\801.jpg,very_lame
very_lame\802.jpg,very_lame
very_lame\803.jpg,very_lame
very_lame\804.jpg,very_lame
very_lame\805.jpg,very_lame
very_lame\806.jpg,very_lame
very_lame\807.jpg,very_lame
very_lame\808.jpg,very_lame
very_lame\809.jpg,very_lame
very_lame\812.jpg,very_lame
very_lame\813.jpg,very_lame
very_lame\814.jpg,very_lame
very_lame\815.jpg,very_lame
very_lame\816.jpg,very_lame
very_lame\817.jpg,very_lame
very_lame\818.jpg,very_lame
very_lame\819.jpg,very_lame
very_lame\820.jpg,very_lame
very_lame\821.jpg,very_lame
very_lame\822.jpg,very_lame
very_lame\823.jpg,very_lame
very_lame\824.jpg,very_lame
very_lame\825.jpg,very_lame
very_lame\826.jpg,very_lame
very_lame\827.jpg,very_lame
very_lame\828.jpg,very_lame
very_lame\829.jpg,very_lame
very_lame\830.jpg,very_lame
very_lame\831.jpg,very_lame
very_lame\832.jpg,very_lame
very_lame\833.jpg,very_lame
very_lame\834.jpg,very_lame
very_lame\835.jpg,very_lame
very_lame\836.jpg,very_lame
very_lame\837.jpg,very_lame
very_lame\838.jpg,very_lame
very_lame\839.jpg,very_lame
very_lame\840.jpg,very_lame
very_lame\841.jpg,very_lame
very_lame\842.jpg,very_lame
very_lame\843.jpg,very_lame
very_lame\844.jpg,very_lame
very_lame\845.jpg,very_lame
very_lame\846.jpg,very_lame
very_lame\847.jpg,very_lame
very_lame\848.jpg,very_lame
very_lame\849.jpg,very_lame
very_lame\850.jpg,very_lame
very_lame\851.jpg,very_lame
very_lame\852.jpg,very_lame
very_lame\853.jpg,very_lame
very_lame\854.jpg,very_lame
very_lame\855.jpg,very_lame
very_lame\856.jpg,very_lame
very_lame\857.jpg,very_lame
very_lame\858.jpg,very_lame
very_lame\859.jpg,very_lame
very_lame\860.jpg,very_lame
very_lame\861.jpg,very_lame
very_lame\862.jpg,very_lame
very_lame\863.jpg,very_lame
very_lame\864.jpg,very_lame
very_lame\865.jpg,very_lame
very_lame\866.jpg,very_lame
very_lame\867.jpg,very_lame
very_lame\868.jpg,very_lame
very_lame\869.jpg,very_lame
very_lame\870.jpg,very_lame
very_lame\871.jpg,very_lame
very_lame\872.jpg,very_lame
very_lame\873.jpg,very_lame
very_lame\874.jpg,very_lame
very_lame\875.jpg,very_lame
very_lame\876.jpg,very_lame
very_lame\877.jpg,very_lame
very_lame\878.jpg,very_lame
very_lame\879.jpg,very_lame
very_lame\880.jpg,very_lame
very_lame\881.jpg,very_lame
very_lame\882.jpg,very_lame
very_lame\883.jpg,very_lame
very_lame\884.jpg,very_lame
very_lame\885.jpg,very_lame
very_lame\886.jpg,very_lame
very_lame\887.jpg,very_lame
very_lame\888.jpg,very_lame
very_lame\889.jpg,very_lame
very_lame\890.jpg,very_lame
very_lame\891.jpg,very_lame
very_lame\892.jpg,very_lame
very_lame\893.jpg,very_lame
very_lame\894.jpg,very_lame
very_lame\895.jpg,very_lame
very_lame\896.jpg,very_lame
very_lame\897.jpg,very_lame
very_lame\898.jpg,very_lame
very_lame\899.jpg,very_lame
very_lame\900.jpg,very_lame
very_lame\901.jpg,very_lame
very_lame\902.jpg,very_lame
very_lame\903.jpg,very_lame
very_lame\904.jpg,very_lame
very_lame\905.jpg,very_lame
very_lame\906.jpg,very_lame
very_lame\907.jpg,very_lame
very_lame\908.jpg,very_lame
very_lame\909.jpg,very_lame
very_lame\910.jpg,very_lame
very_lame\911.jpg,very_lame
very_lame\912.jpg,very_lame
very_lame\913.jpg,very_lame
very_lame\914.jpg,very_lame
very_lame\915.jpg,very_lame
very_lame\916.jpg,very_lame
very_lame\0.jpg,very_lame
very_lame\1.jpg,very_lame
very_lame\2.jpg,very_lame
very_lame\3.jpg,very_lame
very_lame\4.jpg,very_lame
very_lame\5.jpg,very_lame
very_lame\6.jpg,very_lame
very_lame\7.jpg,very_lame
very_lame\8.jpg,very_lame
very_lame\9.jpg,very_lame
very_lame\10.jpg,very_lame
very_lame\11.jpg,very_lame
very_lame\12.jpg,very_lame
very_lame\13.jpg,very_lame
very_lame\14.jpg,very_lame
very_lame\15.jpg,very_lame
very_lame\16.jpg,very_lame
very_lame\17.jpg,very_lame
very_lame\18.jpg,very_lame
very_lame\19.jpg,very_lame
very_lame\20.jpg,very_lame
very_lame\21.jpg,very_lame
very_lame\22.jpg,very_lame
very_lame\23.jpg,very_lame
very_lame\24.jpg,very_lame
very_lame\25.jpg,very_lame
very_lame\26.jpg,very_lame
very_lame\27.jpg,very_lame
very_lame\28.jpg,very_lame
very_lame\29.jpg,very_lame
very_lame\30.jpg,very_lame
very_lame\31.jpg,very_lame
very_lame\32.jpg,very_lame
very_lame\33.jpg,very_lame
very_lame\34.jpg,very_lame
very_lame\35.jpg,very_lame
very_lame\36.jpg,very_lame
very_lame\37.jpg,very_lame
very_lame\38.jpg,very_lame
very_lame\39.jpg,very_lame
very_lame\40.jpg,very_lame
very_lame\41.jpg,very_lame
very_lame\42.jpg,very_lame
very_lame\43.jpg,very_lame
very_lame\44.jpg,very_lame
very_lame\45.jpg,very_lame
very_lame\46.jpg,very_lame
very_lame\47.jpg,very_lame
very_lame\48.jpg,very_lame
very_lame\49.jpg,very_lame
very_lame\50.jpg,very_lame
very_lame\51.jpg,very_lame
very_lame\52.jpg,very_lame
very_lame\53.jpg,very_lame
very_lame\54.jpg,very_lame
very_lame\55.jpg,very_lame
very_lame\56.jpg,very_lame
very_lame\57.jpg,very_lame
very_lame\58.jpg,very_lame
very_lame\59.jpg,very_lame
very_lame\60.jpg,very_lame
very_lame\61.jpg,very_lame
very_lame\62.jpg,very_lame
very_lame\63.jpg,very_lame
very_lame\64.jpg,very_lame
very_lame\65.jpg,very_lame
very_lame\66.jpg,very_lame
very_lame\67.jpg,very_lame
very_lame\68.jpg,very_lame
very_lame\69.jpg,very_lame
very_lame\70.jpg,very_lame
very_lame\71.jpg,very_lame
very_lame\72.jpg,very_lame
very_lame\73.jpg,very_lame
very_lame\74.jpg,very_lame
very_lame\75.jpg,very_lame
very_lame\76.jpg,very_lame
very_lame\77.jpg,very_lame
very_lame\78.jpg,very_lame
very_lame\79.jpg,very_lame
very_lame\80.jpg,very_lame
very_lame\81.jpg,very_lame
very_lame\82.jpg,very_lame
very_lame\83.jpg,very_lame
very_lame\84.jpg,very_lame
very_lame\85.jpg,very_lame
very_lame\86.jpg,very_lame
very_lame\87.jpg,very_lame
very_lame\88.jpg,very_lame
very_lame\89.jpg,very_lame
very_lame\90.jpg,very_lame
very_lame\91.jpg,very_lame
very_lame\92.jpg,very_lame
very_lame\93.jpg,very_lame
very_lame\94.jpg,very_lame
very_lame\95.jpg,very_lame
very_lame\96.jpg,very_lame
very_lame\97.jpg,very_lame
very_lame\98.jpg,very_lame
very_lame\99.jpg,very_lame
very_lame\100.jpg,very_lame
very_lame\101.jpg,very_lame
very_lame\102.jpg,very_lame
very_lame\103.jpg,very_lame
very_lame\104.jpg,very_lame
very_lame\105.jpg,very_lame
very_lame\106.jpg,very_lame
very_lame\107.jpg,very_lame
very_lame\108.jpg,very_lame
very_lame\109.jpg,very_lame
very_lame\110.jpg,very_lame
very_lame\111.jpg,very_lame
very_lame\112.jpg,very_lame
very_lame\113.jpg,very_lame
very_lame\114.jpg,very_lame
very_lame\115.jpg,very_lame
very_lame\116.jpg,very_lame
very_lame\117.jpg,very_lame
very_lame\118.jpg,very_lame
very_lame\119.jpg,very_lame
very_lame\120.jpg,very_lame
very_lame\121.jpg,very_lame
very_lame\122.jpg,very_lame
very_lame\123.jpg,very_lame
very_lame\124.jpg,very_lame
very_lame\125.jpg,very_lame
very_lame\126.jpg,very_lame
very_lame\127.jpg,very_lame
very_lame\128.jpg,very_lame
very_lame\129.jpg,very_lame
very_lame\130.jpg,very_lame
very_lame\131.jpg,very_lame
very_lame\132.jpg,very_lame
very_lame\133.jpg,very_lame
very_lame\134.jpg,very_lame
very_lame\135.jpg,very_lame
very_lame\136.jpg,very_lame
very_lame\137.jpg,very_lame
very_lame\138.jpg,very_lame
very_lame\139.jpg,very_lame
very_lame\140.jpg,very_lame
very_lame\141.jpg,very_lame
very_lame\142.jpg,very_lame
very_lame\143.jpg,very_lame
very_lame\143.jpg,very_lame
very_lame\144.jpg,very_lame
very_lame\145.jpg,very_lame
very_lame\146.jpg,very_lame
very_lame\147.jpg,very_lame
very_lame\148.jpg,very_lame
very_lame\148.jpg,very_lame
very_lame\149.jpg,very_lame
very_lame\149.jpg,very_lame
very_lame\150.jpg,very_lame
very_lame\151.jpg,very_lame
very_lame\152.jpg,very_lame
very_lame\153.jpg,very_lame
very_lame\154.jpg,very_lame
very_lame\154.jpg,very_lame
very_lame\155.jpg,very_lame
very_lame\155.jpg,very_lame
very_lame\156.jpg,very_lame
very_lame\156.jpg,very_lame
very_lame\157.jpg,very_lame
very_lame\157.jpg,very_lame
very_lame\158.jpg,very_lame
very_lame\159.jpg,very_lame
very_lame\160.jpg,very_lame
very_lame\160.jpg,very_lame
very_lame\161.jpg,very_lame
very_lame\161.jpg,very_lame
very_lame\162.jpg,very_lame
very_lame\163.jpg,very_lame
very_lame\164.jpg,very_lame
very_lame\165.jpg,very_lame
very_lame\166.jpg,very_lame
very_lame\167.jpg,very_lame
very_lame\168.jpg,very_lame
very_lame\169.jpg,very_lame
very_lame\170.jpg,very_lame
very_lame\171.jpg,very_lame
very_lame\172.jpg,very_lame
very_lame\173.jpg,very_lame
very_lame\173.jpg,very_lame
very_lame\174.jpg,very_lame
very_lame\175.jpg,very_lame
very_lame\176.jpg,very_lame
very_lame\177.jpg,very_lame
very_lame\178.jpg,very_lame
very_lame\179.jpg,very_lame
very_lame\180.jpg,very_lame
very_lame\181.jpg,very_lame
very_lame\182.jpg,very_lame
very_lame\183.jpg,very_lame
very_lame\184.jpg,very_lame
very_lame\185.jpg,very_lame
very_lame\186.jpg,very_lame
very_lame\187.jpg,very_lame
very_lame\188.jpg,very_lame
very_lame\189.jpg,very_lame
very_lame\190.jpg,very_lame
very_lame\191.jpg,very_lame
very_lame\192.jpg,very_lame
very_lame\193.jpg,very_lame
very_lame\194.jpg,very_lame
very_lame\195.jpg,very_lame
very_lame\196.jpg,very_lame
very_lame\197.jpg,very_lame
very_lame\198.jpg,very_lame
very_lame\199.jpg,very_lame
very_lame\200.jpg,very_lame
very_lame\201.jpg,very_lame
very_lame\202.jpg,very_lame
very_lame\203.jpg,very_lame
very_lame\204.jpg,very_lame
very_lame\205.jpg,very_lame
very_lame\206.jpg,very_lame
very_lame\207.jpg,very_lame
very_lame\208.jpg,very_lame
very_lame\209.jpg,very_lame
very_lame\210.jpg,very_lame
very_lame\211.jpg,very_lame
very_lame\212.jpg,very_lame
very_lame\213.jpg,very_lame
very_lame\213.jpg,very_lame
very_lame\214.jpg,very_lame
very_lame\214.jpg,very_lame
very_lame\215.jpg,very_lame
very_lame\215.jpg,very_lame
very_lame\216.jpg,very_lame
very_lame\216.jpg,very_lame
very_lame\217.jpg,very_lame
very_lame\217.jpg,very_lame
very_lame\218.jpg,very_lame
very_lame\218.jpg,very_lame
very_lame\219.jpg,very_lame
very_lame\220.jpg,very_lame
very_lame\221.jpg,very_lame
very_lame\222.jpg,very_lame
very_lame\223.jpg,very_lame
very_lame\224.jpg,very_lame
very_lame\225.jpg,very_lame
very_lame\226.jpg,very_lame
very_lame\227.jpg,very_lame
very_lame\228.jpg,very_lame
very_lame\229.jpg,very_lame
very_lame\230.jpg,very_lame
very_lame\231.jpg,very_lame
very_lame\232.jpg,very_lame
very_lame\233.jpg,very_lame
very_lame\234.jpg,very_lame
very_lame\235.jpg,very_lame
very_lame\236.jpg,very_lame
very_lame\237.jpg,very_lame
very_lame\238.jpg,very_lame
very_lame\239.jpg,very_lame
very_lame\240.jpg,very_lame
very_lame\241.jpg,very_lame
very_lame\242.jpg,very_lame
very_lame\243.jpg,very_lame
very_lame\244.jpg,very_lame
very_lame\245.jpg,very_lame
very_lame\246.jpg,very_lame
very_lame\247.jpg,very_lame
very_lame\248.jpg,very_lame
very_lame\249.jpg,very_lame
very_lame\250.jpg,very_lame
very_lame\251.jpg,very_lame
very_lame\252.jpg,very_lame
very_lame\253.jpg,very_lame
very_lame\254.jpg,very_lame
very_lame\255.jpg,very_lame
very_lame\256.jpg,very_lame
very_lame\256.jpg,very_lame
very_lame\257.jpg,very_lame
very_lame\257.jpg,very_lame
very_lame\258.jpg,very_lame
very_lame\258.jpg,very_lame
very_lame\259.jpg,very_lame
very_lame\259.jpg,very_lame
very_lame\260.jpg,very_lame
very_lame\260.jpg,very_lame
very_lame\261.jpg,very_lame
very_lame\261.jpg,very_lame
very_lame\262.jpg,very_lame
very_lame\262.jpg,very_lame
very_lame\263.jpg,very_lame
very_lame\263.jpg,very_lame
very_lame\264.jpg,very_lame
very_lame\264.jpg,very_lame
very_lame\265.jpg,very_lame
very_lame\265.jpg,very_lame
very_lame\266.jpg,very_lame
very_lame\266.jpg,very_lame
very_lame\267.jpg,very_lame
very_lame\268.jpg,very_lame
very_lame\268.jpg,very_lame
very_lame\269.jpg,very_lame
very_lame\269.jpg,very_lame
very_lame\270.jpg,very_lame
very_lame\270.jpg,very_lame
very_lame\271.jpg,very_lame
very_lame\271.jpg,very_lame
very_lame\272.jpg,very_lame
very_lame\272.jpg,very_lame
very_lame\273.jpg,very_lame
very_lame\273.jpg,very_lame
very_lame\274.jpg,very_lame
very_lame\274.jpg,very_lame
very_lame\275.jpg,very_lame
very_lame\275.jpg,very_lame
very_lame\276.jpg,very_lame
very_lame\276.jpg,very_lame
very_lame\277.jpg,very_lame
very_lame\277.jpg,very_lame
very_lame\278.jpg,very_lame
very_lame\278.jpg,very_lame
very_lame\279.jpg,very_lame
very_lame\280.jpg,very_lame
very_lame\280.jpg,very_lame
very_lame\281.jpg,very_lame
very_lame\281.jpg,very_lame
very_lame\282.jpg,very_lame
very_lame\282.jpg,very_lame
very_lame\283.jpg,very_lame
very_lame\283.jpg,very_lame
very_lame\284.jpg,very_lame
very_lame\285.jpg,very_lame
very_lame\285.jpg,very_lame
very_lame\286.jpg,very_lame
very_lame\286.jpg,very_lame
very_lame\287.jpg,very_lame
very_lame\287.jpg,very_lame
very_lame\288.jpg,very_lame
very_lame\289.jpg,very_lame
very_lame\290.jpg,very_lame
very_lame\290.jpg,very_lame
very_lame\291.jpg,very_lame
very_lame\291.jpg,very_lame
very_lame\292.jpg,very_lame
very_lame\292.jpg,very_lame
very_lame\293.jpg,very_lame
very_lame\293.jpg,very_lame
very_lame\294.jpg,very_lame
very_lame\294.jpg,very_lame
very_lame\295.jpg,very_lame
very_lame\295.jpg,very_lame
very_lame\296.jpg,very_lame
very_lame\296.jpg,very_lame
very_lame\297.jpg,very_lame
very_lame\297.jpg,very_lame
very_lame\298.jpg,very_lame
very_lame\299.jpg,very_lame
very_lame\300.jpg,very_lame
very_lame\301.jpg,very_lame
very_lame\302.jpg,very_lame
very_lame\303.jpg,very_lame
very_lame\303.jpg,very_lame
very_lame\304.jpg,very_lame
very_lame\305.jpg,very_lame
very_lame\306.jpg,very_lame
very_lame\306.jpg,very_lame
very_lame\307.jpg,very_lame
very_lame\307.jpg,very_lame
very_lame\308.jpg,very_lame
very_lame\308.jpg,very_lame
very_lame\309.jpg,very_lame
very_lame\309.jpg,very_lame
very_lame\310.jpg,very_lame
very_lame\310.jpg,very_lame
very_lame\311.jpg,very_lame
very_lame\311.jpg,very_lame
very_lame\312.jpg,very_lame
very_lame\312.jpg,very_lame
very_lame\313.jpg,very_lame
very_lame\313.jpg,very_lame
very_lame\314.jpg,very_lame
very_lame\314.jpg,very_lame
very_lame\315.jpg,very_lame
very_lame\315.jpg,very_lame
very_lame\316.jpg,very_lame
very_lame\316.jpg,very_lame
very_lame\317.jpg,very_lame
very_lame\317.jpg,very_lame
very_lame\318.jpg,very_lame
very_lame\318.jpg,very_lame
very_lame\319.jpg,very_lame
very_lame\319.jpg,very_lame
very_lame\320.jpg,very_lame
very_lame\320.jpg,very_lame
very_lame\321.jpg,very_lame
very_lame\321.jpg,very_lame
very_lame\322.jpg,very_lame
very_lame\322.jpg,very_lame
very_lame\323.jpg,very_lame
very_lame\323.jpg,very_lame
very_lame\324.jpg,very_lame
very_lame\324.jpg,very_lame
very_lame\325.jpg,very_lame
very_lame\325.jpg,very_lame
very_lame\326.jpg,very_lame
very_lame\326.jpg,very_lame
very_lame\327.jpg,very_lame
very_lame\327.jpg,very_lame
very_lame\328.jpg,very_lame
very_lame\328.jpg,very_lame
very_lame\329.jpg,very_lame
very_lame\329.jpg,very_lame
very_lame\330.jpg,very_lame
very_lame\330.jpg,very_lame
very_lame\331.jpg,very_lame
very_lame\332.jpg,very_lame
very_lame\332.jpg,very_lame
very_lame\333.jpg,very_lame
very_lame\333.jpg,very_lame
very_lame\334.jpg,very_lame
very_lame\334.jpg,very_lame
very_lame\335.jpg,very_lame
very_lame\335.jpg,very_lame
very_lame\336.jpg,very_lame
very_lame\336.jpg,very_lame
very_lame\337.jpg,very_lame
very_lame\337.jpg,very_lame
very_lame\338.jpg,very_lame
very_lame\338.jpg,very_lame
very_lame\339.jpg,very_lame
very_lame\339.jpg,very_lame
very_lame\340.jpg,very_lame
very_lame\340.jpg,very_lame
very_lame\341.jpg,very_lame
very_lame\341.jpg,very_lame
very_lame\342.jpg,very_lame
very_lame\342.jpg,very_lame
very_lame\343.jpg,very_lame
very_lame\343.jpg,very_lame
very_lame\344.jpg,very_lame
very_lame\344.jpg,very_lame
very_lame\345.jpg,very_lame
very_lame\345.jpg,very_lame
very_lame\346.jpg,very_lame
very_lame\346.jpg,very_lame
very_lame\347.jpg,very_lame
very_lame\347.jpg,very_lame
very_lame\348.jpg,very_lame
very_lame\348.jpg,very_lame
very_lame\349.jpg,very_lame
very_lame\349.jpg,very_lame
very_lame\350.jpg,very_lame
very_lame\350.jpg,very_lame
very_lame\351.jpg,very_lame
very_lame\351.jpg,very_lame
very_lame\352.jpg,very_lame
very_lame\353.jpg,very_lame
very_lame\354.jpg,very_lame
very_lame\355.jpg,very_lame
very_lame\356.jpg,very_lame
very_lame\357.jpg,very_lame
very_lame\358.jpg,very_lame
very_lame\359.jpg,very_lame
very_lame\360.jpg,very_lame
very_lame\361.jpg,very_lame
very_lame\362.jpg,very_lame
very_lame\363.jpg,very_lame
very_lame\364.jpg,very_lame
very_lame\365.jpg,very_lame
very_lame\366.jpg,very_lame
very_lame\367.jpg,very_lame
very_lame\368.jpg,very_lame
very_lame\369.jpg,very_lame
very_lame\370.jpg,very_lame
very_lame\371.jpg,very_lame
very_lame\372.jpg,very_lame
very_lame\373.jpg,very_lame
very_lame\374.jpg,very_lame
very_lame\375.jpg,very_lame
very_lame\376.jpg,very_lame
very_lame\377.jpg,very_lame
very_lame\378.jpg,very_lame
very_lame\379.jpg,very_lame
very_lame\380.jpg,very_lame
very_lame\381.jpg,very_lame
very_lame\382.jpg,very_lame
very_lame\383.jpg,very_lame
very_lame\384.jpg,very_lame
very_lame\385.jpg,very_lame
very_lame\386.jpg,very_lame
very_lame\387.jpg,very_lame
very_lame\388.jpg,very_lame
very_lame\389.jpg,very_lame
very_lame\390.jpg,very_lame
very_lame\391.jpg,very_lame
very_lame\392.jpg,very_lame
very_lame\393.jpg,very_lame
very_lame\394.jpg,very_lame
very_lame\395.jpg,very_lame
very_lame\396.jpg,very_lame
very_lame\397.jpg,very_lame
very_lame\398.jpg,very_lame
very_lame\399.jpg,very_lame
very_lame\400.jpg,very_lame
very_lame\401.jpg,very_lame
very_lame\402.jpg,very_lame
very_lame\403.jpg,very_lame
very_lame\404.jpg,very_lame
very_lame\405.jpg,very_lame
very_lame\406.jpg,very_lame
very_lame\407.jpg,very_lame
very_lame\408.jpg,very_lame
very_lame\409.jpg,very_lame
very_lame\410.jpg,very_lame
very_lame\411.jpg,very_lame
very_lame\412.jpg,very_lame
very_lame\413.jpg,very_lame
very_lame\414.jpg,very_lame
very_lame\415.jpg,very_lame
very_lame\416.jpg,very_lame
very_lame\417.jpg,very_lame
very_lame\418.jpg,very_lame
very_lame\419.jpg,very_lame
very_lame\420.jpg,very_lame
very_lame\421.jpg,very_lame
very_lame\422.jpg,very_lame
very_lame\423.jpg,very_lame
very_lame\424.jpg,very_lame
very_lame\425.jpg,very_lame
very_lame\426.jpg,very_lame
very_lame\427.jpg,very_lame
very_lame\428.jpg,very_lame
very_lame\429.jpg,very_lame
very_lame\430.jpg,very_lame
very_lame\431.jpg,very_lame
very_lame\432.jpg,very_lame
very_lame\433.jpg,very_lame
very_lame\434.jpg,very_lame
very_lame\435.jpg,very_lame
very_lame\436.jpg,very_lame
very_lame\437.jpg,very_lame
very_lame\438.jpg,very_lame
very_lame\439.jpg,very_lame
very_lame\440.jpg,very_lame
very_lame\441.jpg,very_lame
very_lame\442.jpg,very_lame
very_lame\443.jpg,very_lame
very_lame\444.jpg,very_lame
very_lame\445.jpg,very_lame
very_lame\446.jpg,very_lame
very_lame\447.jpg,very_lame
very_lame\448.jpg,very_lame
very_lame\449.jpg,very_lame
very_lame\450.jpg,very_lame
very_lame\451.jpg,very_lame
very_lame\452.jpg,very_lame
very_lame\453.jpg,very_lame
very_lame\454.jpg,very_lame
very_lame\455.jpg,very_lame
very_lame\456.jpg,very_lame
very_lame\457.jpg,very_lame
very_lame\458.jpg,very_lame
very_lame\459.jpg,very_lame
very_lame\460.jpg,very_lame
very_lame\461.jpg,very_lame
very_lame\462.jpg,very_lame
very_lame\463.jpg,very_lame
very_lame\464.jpg,very_lame
very_lame\465.jpg,very_lame
very_lame\466.jpg,very_lame
very_lame\467.jpg,very_lame
very_lame\468.jpg,very_lame
very_lame\469.jpg,very_lame
very_lame\470.jpg,very_lame
very_lame\471.jpg,very_lame
very_lame\472.jpg,very_lame
very_lame\473.jpg,very_lame
very_lame\474.jpg,very_lame
very_lame\475.jpg,very_lame
very_lame\476.jpg,very_lame
very_lame\477.jpg,very_lame
very_lame\478.jpg,very_lame
very_lame\479.jpg,very_lame
very_lame\480.jpg,very_lame
very_lame\481.jpg,very_lame
very_lame\482.jpg,very_lame
very_lame\483.jpg,very_lame
very_lame\484.jpg,very_lame
very_lame\485.jpg,very_lame
very_lame\486.jpg,very_lame
very_lame\487.jpg,very_lame
very_lame\488.jpg,very_lame
very_lame\489.jpg,very_lame
very_lame\490.jpg,very_lame
very_lame\491.jpg,very_lame
very_lame\492.jpg,very_lame
very_lame\493.jpg,very_lame
very_lame\494.jpg,very_lame
very_lame\495.jpg,very_lame
very_lame\496.jpg,very_lame
very_lame\497.jpg,very_lame
very_lame\498.jpg,very_lame
very_lame\499.jpg,very_lame
very_lame\500.jpg,very_lame
very_lame\501.jpg,very_lame
very_lame\502.jpg,very_lame
very_lame\503.jpg,very_lame
very_lame\504.jpg,very_lame
very_lame\505.jpg,very_lame
very_lame\506.jpg,very_lame
very_lame\507.jpg,very_lame
very_lame\508.jpg,very_lame
very_lame\509.jpg,very_lame
very_lame\510.jpg,very_lame
very_lame\511.jpg,very_lame
very_lame\512.jpg,very_lame
very_lame\513.jpg,very_lame
very_lame\514.jpg,very_lame
very_lame\515.jpg,very_lame
very_lame\516.jpg,very_lame
very_lame\517.jpg,very_lame
very_lame\518.jpg,very_lame
very_lame\519.jpg,very_lame
very_lame\520.jpg,very_lame
very_lame\521.jpg,very_lame
very_lame\522.jpg,very_lame
very_lame\523.jpg,very_lame
very_lame\524.jpg,very_lame
very_lame\525.jpg,very_lame
very_lame\526.jpg,very_lame
very_lame\526.jpg,very_lame
very_lame\527.jpg,very_lame
very_lame\527.jpg,very_lame
very_lame\528.jpg,very_lame
very_lame\528.jpg,very_lame
very_lame\529.jpg,very_lame
very_lame\529.jpg,very_lame
very_lame\530.jpg,very_lame
very_lame\530.jpg,very_lame
very_lame\531.jpg,very_lame
very_lame\531.jpg,very_lame
very_lame\532.jpg,very_lame
very_lame\532.jpg,very_lame
very_lame\533.jpg,very_lame
very_lame\533.jpg,very_lame
very_lame\534.jpg,very_lame
very_lame\534.jpg,very_lame
very_lame\535.jpg,very_lame
very_lame\535.jpg,very_lame
very_lame\536.jpg,very_lame
very_lame\536.jpg,very_lame
very_lame\537.jpg,very_lame
very_lame\537.jpg,very_lame
very_lame\538.jpg,very_lame
very_lame\538.jpg,very_lame
very_lame\539.jpg,very_lame
very_lame\539.jpg,very_lame
very_lame\540.jpg,very_lame
very_lame\540.jpg,very_lame
very_lame\541.jpg,very_lame
very_lame\541.jpg,very_lame
very_lame\542.jpg,very_lame
very_lame\542.jpg,very_lame
very_lame\543.jpg,very_lame
very_lame\543.jpg,very_lame
very_lame\544.jpg,very_lame
very_lame\544.jpg,very_lame
very_lame\545.jpg,very_lame
very_lame\545.jpg,very_lame
very_lame\546.jpg,very_lame
very_lame\546.jpg,very_lame
very_lame\547.jpg,very_lame
very_lame\547.jpg,very_lame
very_lame\548.jpg,very_lame
very_lame\549.jpg,very_lame
very_lame\550.jpg,very_lame
very_lame\551.jpg,very_lame
very_lame\552.jpg,very_lame
very_lame\553.jpg,very_lame
very_lame\554.jpg,very_lame
very_lame\555.jpg,very_lame
very_lame\643.jpg,very_lame
very_lame\644.jpg,very_lame
very_lame\645.jpg,very_lame
very_lame\646.jpg,very_lame
very_lame\647.jpg,very_lame
very_lame\648.jpg,very_lame
very_lame\649.jpg,very_lame
very_lame\650.jpg,very_lame
very_lame\651.jpg,very_lame
very_lame\652.jpg,very_lame
very_lame\653.jpg,very_lame
very_lame\654.jpg,very_lame
very_lame\655.jpg,very_lame
very_lame\656.jpg,very_lame
very_lame\657.jpg,very_lame
very_lame\658.jpg,very_lame
very_lame\659.jpg,very_lame
very_lame\660.jpg,very_lame
very_lame\661.jpg,very_lame
very_lame\662.jpg,very_lame
very_lame\663.jpg,very_lame
very_lame\664.jpg,very_lame
very_lame\665.jpg,very_lame
very_lame\666.jpg,very_lame
very_lame\667.jpg,very_lame
very_lame\668.jpg,very_lame
very_lame\669.jpg,very_lame
very_lame\670.jpg,very_lame
very_lame\671.jpg,very_lame
very_lame\672.jpg,very_lame
very_lame\673.jpg,very_lame
very_lame\674.jpg,very_lame
very_lame\675.jpg,very_lame
very_lame\676.jpg,very_lame
very_lame\677.jpg,very_lame
very_lame\678.jpg,very_lame
very_lame\679.jpg,very_lame
very_lame\680.jpg,very_lame
very_lame\681.jpg,very_lame
very_lame\682.jpg,very_lame
very_lame\683.jpg,very_lame
very_lame\684.jpg,very_lame
very_lame\685.jpg,very_lame
very_lame\686.jpg,very_lame
very_lame\687.jpg,very_lame
very_lame\688.jpg,very_lame
very_lame\689.jpg,very_lame
very_lame\690.jpg,very_lame
very_lame\691.jpg,very_lame
very_lame\692.jpg,very_lame
very_lame\693.jpg,very_lame
very_lame\694.jpg,very_lame
very_lame\695.jpg,very_lame
very_lame\696.jpg,very_lame
very_lame\697.jpg,very_lame
very_lame\698.jpg,very_lame
very_lame\699.jpg,very_lame
very_lame\700.jpg,very_lame
very_lame\701.jpg,very_lame
very_lame\702.jpg,very_lame
very_lame\703.jpg,very_lame
very_lame\704.jpg,very_lame
very_lame\705.jpg,very_lame
very_lame\706.jpg,very_lame
very_lame\707.jpg,very_lame
very_lame\708.jpg,very_lame
very_lame\709.jpg,very_lame
very_lame\709.jpg,very_lame
very_lame\710.jpg,very_lame
very_lame\710.jpg,very_lame
very_lame\711.jpg,very_lame
very_lame\711.jpg,very_lame
very_lame\712.jpg,very_lame
very_lame\712.jpg,very_lame
very_lame\713.jpg,very_lame
very_lame\713.jpg,very_lame
very_lame\714.jpg,very_lame
very_lame\714.jpg,very_lame
very_lame\715.jpg,very_lame
very_lame\715.jpg,very_lame
very_lame\716.jpg,very_lame
very_lame\716.jpg,very_lame
very_lame\717.jpg,very_lame
very_lame\718.jpg,very_lame
very_lame\719.jpg,very_lame
very_lame\720.jpg,very_lame
very_lame\721.jpg,very_lame
very_lame\722.jpg,very_lame
very_lame\723.jpg,very_lame
very_lame\724.jpg,very_lame
very_lame\724.jpg,very_lame
very_lame\725.jpg,very_lame
very_lame\726.jpg,very_lame
very_lame\726.jpg,very_lame
very_lame\727.jpg,very_lame
very_lame\728.jpg,very_lame
very_lame\728.jpg,very_lame
very_lame\729.jpg,very_lame
very_lame\729.jpg,very_lame
very_lame\730.jpg,very_lame
very_lame\730.jpg,very_lame
very_lame\731.jpg,very_lame
very_lame\731.jpg,very_lame
very_lame\732.jpg,very_lame
very_lame\732.jpg,very_lame
very_lame\733.jpg,very_lame
very_lame\733.jpg,very_lame
very_lame\734.jpg,very_lame
very_lame\735.jpg,very_lame
very_lame\736.jpg,very_lame
very_lame\737.jpg,very_lame
very_lame\738.jpg,very_lame
very_lame\739.jpg,very_lame
very_lame\740.jpg,very_lame
very_lame\741.jpg,very_lame
very_lame\742.jpg,very_lame
very_lame\743.jpg,very_lame
very_lame\744.jpg,very_lame
very_lame\745.jpg,very_lame
very_lame\746.jpg,very_lame
very_lame\747.jpg,very_lame
very_lame\748.jpg,very_lame
very_lame\749.jpg,very_lame
very_lame\750.jpg,very_lame
very_lame\751.jpg,very_lame
very_lame\752.jpg,very_lame
very_lame\753.jpg,very_lame
very_lame\754.jpg,very_lame
very_lame\755.jpg,very_lame
very_lame\756.jpg,very_lame
very_lame\757.jpg,very_lame
very_lame\758.jpg,very_lame
very_lame\759.jpg,very_lame
very_lame\760.jpg,very_lame
very_lame\761.jpg,very_lame
very_lame\762.jpg,very_lame
very_lame\763.jpg,very_lame
very_lame\764.jpg,very_lame
very_lame\765.jpg,very_lame
very_lame\766.jpg,very_lame
very_lame\767.jpg,very_lame
very_lame\768.jpg,very_lame
very_lame\769.jpg,very_lame
very_lame\770.jpg,very_lame
very_lame\771.jpg,very_lame
very_lame\772.jpg,very_lame
very_lame\773.jpg,very_lame
very_lame\774.jpg,very_lame
very_lame\775.jpg,very_lame
very_lame\776.jpg,very_lame
very_lame\777.jpg,very_lame
very_lame\778.jpg,very_lame
very_lame\779.jpg,very_lame
very_lame\780.jpg,very_lame
very_lame\781.jpg,very_lame
very_lame\782.jpg,very_lame
very_lame\783.jpg,very_lame
very_lame\784.jpg,very_lame
very_lame\785.jpg,very_lame
very_lame\786.jpg,very_lame
very_lame\787.jpg,very_lame
very_lame\788.jpg,very_lame
very_lame\789.jpg,very_lame
very_lame\790.jpg,very_lame
very_lame\791.jpg,very_lame
very_lame\792.jpg,very_lame
very_lame\793.jpg,very_lame
very_lame\794.jpg,very_lame
very_lame\795.jpg,very_lame
very_lame\796.jpg,very_lame
very_lame\797.jpg,very_lame
very_lame\798.jpg,very_lame
very_lame\799.jpg,very_lame
very_lame\800.jpg,very_lame
very_lame\801.jpg,very_lame
very_lame\802.jpg,very_lame
very_lame\803.jpg,very_lame
very_lame\804.jpg,very_lame
very_lame\805.jpg,very_lame
very_lame\806.jpg,very_lame
very_lame\807.jpg,very_lame
very_lame\808.jpg,very_lame
very_lame\809.jpg,very_lame
very_lame\812.jpg,very_lame
very_lame\813.jpg,very_lame
very_lame\814.jpg,very_lame
very_lame\815.jpg,very_lame
very_lame\816.jpg,very_lame
very_lame\817.jpg,very_lame
very_lame\818.jpg,very_lame
very_lame\819.jpg,very_lame
very_lame\820.jpg,very_lame
very_lame\821.jpg,very_lame
very_lame\822.jpg,very_lame
very_lame\823.jpg,very_lame
very_lame\824.jpg,very_lame
very_lame\825.jpg,very_lame
very_lame\826.jpg,very_lame
very_lame\827.jpg,very_lame
very_lame\828.jpg,very_lame
very_lame\829.jpg,very_lame
very_lame\830.jpg,very_lame
very_lame\831.jpg,very_lame
very_lame\832.jpg,very_lame
very_lame\833.jpg,very_lame
very_lame\834.jpg,very_lame
very_lame\835.jpg,very_lame
very_lame\836.jpg,very_lame
very_lame\837.jpg,very_lame
very_lame\838.jpg,very_lame
very_lame\839.jpg,very_lame
very_lame\840.jpg,very_lame
very_lame\841.jpg,very_lame
very_lame\842.jpg,very_lame
very_lame\843.jpg,very_lame
very_lame\844.jpg,very_lame
very_lame\845.jpg,very_lame
very_lame\846.jpg,very_lame
very_lame\847.jpg,very_lame
very_lame\848.jpg,very_lame
very_lame\849.jpg,very_lame
very_lame\850.jpg,very_lame
very_lame\851.jpg,very_lame
very_lame\852.jpg,very_lame
very_lame\853.jpg,very_lame
very_lame\854.jpg,very_lame
very_lame\855.jpg,very_lame
very_lame\856.jpg,very_lame
very_lame\857.jpg,very_lame
very_lame\858.jpg,very_lame
very_lame\859.jpg,very_lame
very_lame\860.jpg,very_lame
very_lame\861.jpg,very_lame
very_lame\862.jpg,very_lame
very_lame\863.jpg,very_lame
very_lame\864.jpg,very_lame
very_lame\865.jpg,very_lame
very_lame\866.jpg,very_lame
very_lame\867.jpg,very_lame
very_lame\868.jpg,very_lame
very_lame\869.jpg,very_lame
very_lame\870.jpg,very_lame
very_lame\871.jpg,very_lame
very_lame\872.jpg,very_lame
very_lame\873.jpg,very_lame
very_lame\874.jpg,very_lame
very_lame\875.jpg,very_lame
very_lame\876.jpg,very_lame
very_lame\877.jpg,very_lame
very_lame\878.jpg,very_lame
very_lame\879.jpg,very_lame
very_lame\880.jpg,very_lame
very_lame\881.jpg,very_lame
very_lame\882.jpg,very_lame
very_lame\883.jpg,very_lame
very_lame\884.jpg,very_lame
very_lame\885.jpg,very_lame
very_lame\886.jpg,very_lame
very_lame\887.jpg,very_lame
very_lame\888.jpg,very_lame
very_lame\889.jpg,very_lame
very_lame\890.jpg,very_lame
very_lame\891.jpg,very_lame
very_lame\892.jpg,very_lame
very_lame\893.jpg,very_lame
very_lame\894.jpg,very_lame
very_lame\895.jpg,very_lame
very_lame\896.jpg,very_lame
very_lame\897.jpg,very_lame
very_lame\898.jpg,very_lame
very_lame\899.jpg,very_lame
very_lame\900.jpg,very_lame
very_lame\901.jpg,very_lame
very_lame\902.jpg,very_lame
very_lame\903.jpg,very_lame
very_lame\904.jpg,very_lame
very_lame\905.jpg,very_lame
very_lame\906.jpg,very_lame
very_lame\907.jpg,very_lame
very_lame\908.jpg,very_lame
very_lame\909.jpg,very_lame
very_lame\910.jpg,very_lame
very_lame\911.jpg,very_lame
very_lame\912.jpg,very_lame
very_lame\913.jpg,very_lame
very_lame\914.jpg,very_lame
very_lame\915.jpg,very_lame
very_lame\916.jpg,very_lame
very_lame\0.jpg,very_lame
very_lame\1.jpg,very_lame
very_lame\2.jpg,very_lame
very_lame\3.jpg,very_lame
very_lame\4.jpg,very_lame
very_lame\5.jpg,very_lame
very_lame\6.jpg,very_lame
very_lame\7.jpg,very_lame
very_lame\8.jpg,very_lame
very_lame\9.jpg,very_lame
very_lame\10.jpg,very_lame
very_lame\11.jpg,very_lame
very_lame\12.jpg,very_lame
very_lame\13.jpg,very_lame
very_lame\14.jpg,very_lame
very_lame\15.jpg,very_lame
very_lame\16.jpg,very_lame
very_lame\17.jpg,very_lame
very_lame\18.jpg,very_lame
very_lame\19.jpg,very_lame
very_lame\20.jpg,very_lame
very_lame\21.jpg,very_lame
very_lame\22.jpg,very_lame
very_lame\23.jpg,very_lame
very_lame\24.jpg,very_lame
very_lame\25.jpg,very_lame
very_lame\26.jpg,very_lame
very_lame\27.jpg,very_lame
very_lame\28.jpg,very_lame
very_lame\29.jpg,very_lame
very_lame\30.jpg,very_lame
very_lame\31.jpg,very_lame
very_lame\32.jpg,very_lame
very_lame\33.jpg,very_lame
very_lame\34.jpg,very_lame
very_lame\35.jpg,very_lame
very_lame\36.jpg,very_lame
very_lame\37.jpg,very_lame
very_lame\38.jpg,very_lame
very_lame\39.jpg,very_lame
very_lame\40.jpg,very_lame
very_lame\41.jpg,very_lame
very_lame\42.jpg,very_lame
very_lame\43.jpg,very_lame
very_lame\44.jpg,very_lame
very_lame\45.jpg,very_lame
very_lame\46.jpg,very_lame
very_lame\47.jpg,very_lame
very_lame\48.jpg,very_lame
very_lame\49.jpg,very_lame
very_lame\50.jpg,very_lame
very_lame\51.jpg,very_lame
very_lame\52.jpg,very_lame
very_lame\53.jpg,very_lame
very_lame\54.jpg,very_lame
very_lame\55.jpg,very_lame
very_lame\56.jpg,very_lame
very_lame\57.jpg,very_lame
very_lame\58.jpg,very_lame
very_lame\59.jpg,very_lame
very_lame\60.jpg,very_lame
very_lame\61.jpg,very_lame
very_lame\62.jpg,very_lame
very_lame\63.jpg,very_lame
very_lame\64.jpg,very_lame
very_lame\65.jpg,very_lame
very_lame\66.jpg,very_lame
very_lame\67.jpg,very_lame
very_lame\68.jpg,very_lame
very_lame\69.jpg,very_lame
very_lame\70.jpg,very_lame
very_lame\71.jpg,very_lame
very_lame\72.jpg,very_lame
very_lame\73.jpg,very_lame
very_lame\74.jpg,very_lame
very_lame\75.jpg,very_lame
very_lame\76.jpg,very_lame
very_lame\77.jpg,very_lame
very_lame\78.jpg,very_lame
very_lame\79.jpg,very_lame
very_lame\80.jpg,very_lame
very_lame\81.jpg,very_lame
very_lame\82.jpg,very_lame
very_lame\83.jpg,very_lame
very_lame\84.jpg,very_lame
very_lame\85.jpg,very_lame
very_lame\86.jpg,very_lame
very_lame\87.jpg,very_lame
very_lame\88.jpg,very_lame
very_lame\89.jpg,very_lame
very_lame\90.jpg,very_lame
very_lame\91.jpg,very_lame
very_lame\92.jpg,very_lame
very_lame\93.jpg,very_lame
very_lame\94.jpg,very_lame
very_lame\95.jpg,very_lame
very_lame\96.jpg,very_lame
very_lame\97.jpg,very_lame
very_lame\98.jpg,very_lame
very_lame\99.jpg,very_lame
very_lame\100.jpg,very_lame
very_lame\101.jpg,very_lame
very_lame\102.jpg,very_lame
very_lame\103.jpg,very_lame
very_lame\104.jpg,very_lame
very_lame\105.jpg,very_lame
very_lame\106.jpg,very_lame
very_lame\107.jpg,very_lame
very_lame\108.jpg,very_lame
very_lame\109.jpg,very_lame
very_lame\110.jpg,very_lame
very_lame\111.jpg,very_lame
very_lame\112.jpg,very_lame
very_lame\113.jpg,very_lame
very_lame\114.jpg,very_lame
very_lame\115.jpg,very_lame
very_lame\116.jpg,very_lame
very_lame\117.jpg,very_lame
very_lame\118.jpg,very_lame
very_lame\119.jpg,very_lame
very_lame\120.jpg,very_lame
very_lame\121.jpg,very_lame
very_lame\122.jpg,very_lame
very_lame\123.jpg,very_lame
very_lame\124.jpg,very_lame
very_lame\125.jpg,very_lame
very_lame\126.jpg,very_lame
very_lame\127.jpg,very_lame
very_lame\128.jpg,very_lame
very_lame\129.jpg,very_lame
very_lame\130.jpg,very_lame
very_lame\131.jpg,very_lame
very_lame\132.jpg,very_lame
very_lame\133.jpg,very_lame
very_lame\134.jpg,very_lame
very_lame\135.jpg,very_lame
very_lame\136.jpg,very_lame
very_lame\137.jpg,very_lame
very_lame\138.jpg,very_lame
very_lame\139.jpg,very_lame
very_lame\140.jpg,very_lame
very_lame\141.jpg,very_lame
very_lame\142.jpg,very_lame
very_lame\143.jpg,very_lame
very_lame\143.jpg,very_lame
very_lame\144.jpg,very_lame
very_lame\145.jpg,very_lame
very_lame\146.jpg,very_lame
very_lame\147.jpg,very_lame
very_lame\148.jpg,very_lame
very_lame\148.jpg,very_lame
very_lame\149.jpg,very_lame
very_lame\149.jpg,very_lame
very_lame\150.jpg,very_lame
very_lame\151.jpg,very_lame
very_lame\152.jpg,very_lame
very_lame\153.jpg,very_lame
very_lame\154.jpg,very_lame
very_lame\154.jpg,very_lame
very_lame\155.jpg,very_lame
very_lame\155.jpg,very_lame
very_lame\156.jpg,very_lame
very_lame\156.jpg,very_lame
very_lame\157.jpg,very_lame
very_lame\157.jpg,very_lame
very_lame\158.jpg,very_lame
very_lame\159.jpg,very_lame
very_lame\160.jpg,very_lame
very_lame\160.jpg,very_lame
very_lame\161.jpg,very_lame
very_lame\161.jpg,very_lame
very_lame\162.jpg,very_lame
very_lame\163.jpg,very_lame
very_lame\164.jpg,very_lame
very_lame\165.jpg,very_lame
very_lame\166.jpg,very_lame
very_lame\167.jpg,very_lame
very_lame\168.jpg,very_lame
very_lame\169.jpg,very_lame
very_lame\170.jpg,very_lame
very_lame\171.jpg,very_lame
very_lame\172.jpg,very_lame
very_lame\173.jpg,very_lame
very_lame\173.jpg,very_lame
very_lame\174.jpg,very_lame
very_lame\175.jpg,very_lame
very_lame\176.jpg,very_lame
very_lame\177.jpg,very_lame
very_lame\178.jpg,very_lame
very_lame\179.jpg,very_lame
very_lame\180.jpg,very_lame
very_lame\181.jpg,very_lame
very_lame\182.jpg,very_lame
very_lame\183.jpg,very_lame
very_lame\184.jpg,very_lame
very_lame\185.jpg,very_lame
very_lame\186.jpg,very_lame
very_lame\187.jpg,very_lame
very_lame\188.jpg,very_lame
very_lame\189.jpg,very_lame
very_lame\190.jpg,very_lame
very_lame\191.jpg,very_lame
very_lame\192.jpg,very_lame
very_lame\193.jpg,very_lame
very_lame\194.jpg,very_lame
very_lame\195.jpg,very_lame
very_lame\196.jpg,very_lame
very_lame\197.jpg,very_lame
very_lame\198.jpg,very_lame
very_lame\199.jpg,very_lame
very_lame\200.jpg,very_lame
very_lame\201.jpg,very_lame
very_lame\202.jpg,very_lame
very_lame\203.jpg,very_lame
very_lame\204.jpg,very_lame
very_lame\205.jpg,very_lame
very_lame\206.jpg,very_lame
very_lame\207.jpg,very_lame
very_lame\208.jpg,very_lame
very_lame\209.jpg,very_lame
very_lame\210.jpg,very_lame
very_lame\211.jpg,very_lame
very_lame\212.jpg,very_lame
very_lame\213.jpg,very_lame
very_lame\213.jpg,very_lame
very_lame\214.jpg,very_lame
very_lame\214.jpg,very_lame
very_lame\215.jpg,very_lame
very_lame\215.jpg,very_lame
very_lame\216.jpg,very_lame
very_lame\216.jpg,very_lame
very_lame\217.jpg,very_lame
very_lame\217.jpg,very_lame
very_lame\218.jpg,very_lame
very_lame\218.jpg,very_lame
very_lame\219.jpg,very_lame
very_lame\220.jpg,very_lame
very_lame\221.jpg,very_lame
very_lame\222.jpg,very_lame
very_lame\223.jpg,very_lame
very_lame\224.jpg,very_lame
very_lame\225.jpg,very_lame
very_lame\226.jpg,very_lame
very_lame\227.jpg,very_lame
very_lame\228.jpg,very_lame
very_lame\229.jpg,very_lame
very_lame\230.jpg,very_lame
very_lame\231.jpg,very_lame
very_lame\232.jpg,very_lame
very_lame\233.jpg,very_lame
very_lame\234.jpg,very_lame
very_lame\235.jpg,very_lame
very_lame\236.jpg,very_lame
very_lame\237.jpg,very_lame
very_lame\238.jpg,very_lame
very_lame\239.jpg,very_lame
very_lame\240.jpg,very_lame
very_lame\241.jpg,very_lame
very_lame\242.jpg,very_lame
very_lame\243.jpg,very_lame
very_lame\244.jpg,very_lame
very_lame\245.jpg,very_lame
very_lame\246.jpg,very_lame
very_lame\247.jpg,very_lame
very_lame\248.jpg,very_lame
very_lame\249.jpg,very_lame
very_lame\250.jpg,very_lame
very_lame\251.jpg,very_lame
very_lame\252.jpg,very_lame
very_lame\253.jpg,very_lame
very_lame\254.jpg,very_lame
very_lame\255.jpg,very_lame
very_lame\256.jpg,very_lame
very_lame\256.jpg,very_lame
very_lame\257.jpg,very_lame
very_lame\257.jpg,very_lame
very_lame\258.jpg,very_lame
very_lame\258.jpg,very_lame
very_lame\259.jpg,very_lame
very_lame\259.jpg,very_lame
very_lame\260.jpg,very_lame
very_lame\260.jpg,very_lame
very_lame\261.jpg,very_lame
very_lame\261.jpg,very_lame
very_lame\262.jpg,very_lame
very_lame\262.jpg,very_lame
very_lame\263.jpg,very_lame
very_lame\263.jpg,very_lame
very_lame\264.jpg,very_lame
very_lame\264.jpg,very_lame
very_lame\265.jpg,very_lame
very_lame\265.jpg,very_lame
very_lame\266.jpg,very_lame
very_lame\266.jpg,very_lame
very_lame\267.jpg,very_lame
very_lame\268.jpg,very_lame
very_lame\268.jpg,very_lame
very_lame\269.jpg,very_lame
very_lame\269.jpg,very_lame
very_lame\270.jpg,very_lame
very_lame\270.jpg,very_lame
very_lame\271.jpg,very_lame
very_lame\271.jpg,very_lame
very_lame\272.jpg,very_lame
very_lame\272.jpg,very_lame
very_lame\273.jpg,very_lame
very_lame\273.jpg,very_lame
very_lame\274.jpg,very_lame
very_lame\274.jpg,very_lame
very_lame\275.jpg,very_lame
very_lame\275.jpg,very_lame
very_lame\276.jpg,very_lame
very_lame\276.jpg,very_lame
very_lame\277.jpg,very_lame
very_lame\277.jpg,very_lame
very_lame\278.jpg,very_lame
very_lame\278.jpg,very_lame
very_lame\279.jpg,very_lame
very_lame\280.jpg,very_lame
very_lame\280.jpg,very_lame
very_lame\281.jpg,very_lame
very_lame\281.jpg,very_lame
very_lame\282.jpg,very_lame
very_lame\282.jpg,very_lame
very_lame\283.jpg,very_lame
very_lame\283.jpg,very_lame
very_lame\284.jpg,very_lame
very_lame\285.jpg,very_lame
very_lame\285.jpg,very_lame
very_lame\286.jpg,very_lame
very_lame\286.jpg,very_lame
very_lame\287.jpg,very_lame
very_lame\287.jpg,very_lame
very_lame\288.jpg,very_lame
very_lame\289.jpg,very_lame
very_lame\290.jpg,very_lame
very_lame\290.jpg,very_lame
very_lame\291.jpg,very_lame
very_lame\291.jpg,very_lame
very_lame\292.jpg,very_lame
very_lame\292.jpg,very_lame
very_lame\293.jpg,very_lame
very_lame\293.jpg,very_lame
very_lame\294.jpg,very_lame
very_lame\294.jpg,very_lame
very_lame\295.jpg,very_lame
very_lame\295.jpg,very_lame
very_lame\296.jpg,very_lame
very_lame\296.jpg,very_lame
very_lame\297.jpg,very_lame
very_lame\297.jpg,very_lame
very_lame\298.jpg,very_lame
very_lame\299.jpg,very_lame
very_lame\300.jpg,very_lame
very_lame\301.jpg,very_lame
very_lame\302.jpg,very_lame
very_lame\303.jpg,very_lame
very_lame\303.jpg,very_lame
very_lame\304.jpg,very_lame
very_lame\305.jpg,very_lame
very_lame\306.jpg,very_lame
very_lame\306.jpg,very_lame
very_lame\307.jpg,very_lame
very_lame\307.jpg,very_lame
very_lame\308.jpg,very_lame
very_lame\308.jpg,very_lame
very_lame\309.jpg,very_lame
very_lame\309.jpg,very_lame
very_lame\310.jpg,very_lame
very_lame\310.jpg,very_lame
very_lame\311.jpg,very_lame
very_lame\311.jpg,very_lame
very_lame\312.jpg,very_lame
very_lame\312.jpg,very_lame
very_lame\313.jpg,very_lame
very_lame\313.jpg,very_lame
very_lame\314.jpg,very_lame
very_lame\314.jpg,very_lame
very_lame\315.jpg,very_lame
very_lame\315.jpg,very_lame
very_lame\316.jpg,very_lame
very_lame\316.jpg,very_lame
very_lame\317.jpg,very_lame
very_lame\317.jpg,very_lame
very_lame\318.jpg,very_lame
very_lame\318.jpg,very_lame
very_lame\319.jpg,very_lame
very_lame\319.jpg,very_lame
very_lame\320.jpg,very_lame
very_lame\320.jpg,very_lame
very_lame\321.jpg,very_lame
very_lame\321.jpg,very_lame
very_lame\322.jpg,very_lame
very_lame\322.jpg,very_lame
very_lame\323.jpg,very_lame
very_lame\323.jpg,very_lame
very_lame\324.jpg,very_lame
very_lame\324.jpg,very_lame
very_lame\325.jpg,very_lame
very_lame\325.jpg,very_lame
very_lame\326.jpg,very_lame
very_lame\326.jpg,very_lame
very_lame\327.jpg,very_lame
very_lame\327.jpg,very_lame
very_lame\328.jpg,very_lame
very_lame\328.jpg,very_lame
very_lame\329.jpg,very_lame
very_lame\329.jpg,very_lame
very_lame\330.jpg,very_lame
very_lame\330.jpg,very_lame
very_lame\331.jpg,very_lame
very_lame\332.jpg,very_lame
very_lame\332.jpg,very_lame
very_lame\333.jpg,very_lame
very_lame\333.jpg,very_lame
very_lame\334.jpg,very_lame
very_lame\334.jpg,very_lame
very_lame\335.jpg,very_lame
very_lame\335.jpg,very_lame
very_lame\336.jpg,very_lame
very_lame\336.jpg,very_lame
very_lame\337.jpg,very_lame
very_lame\337.jpg,very_lame
very_lame\338.jpg,very_lame
very_lame\338.jpg,very_lame
very_lame\339.jpg,very_lame
very_lame\339.jpg,very_lame
very_lame\340.jpg,very_lame
very_lame\340.jpg,very_lame
very_lame\341.jpg,very_lame
very_lame\341.jpg,very_lame
very_lame\342.jpg,very_lame
very_lame\342.jpg,very_lame
very_lame\343.jpg,very_lame
very_lame\343.jpg,very_lame
very_lame\344.jpg,very_lame
very_lame\344.jpg,very_lame
very_lame\345.jpg,very_lame
very_lame\345.jpg,very_lame
very_lame\346.jpg,very_lame
very_lame\346.jpg,very_lame
very_lame\347.jpg,very_lame
very_lame\347.jpg,very_lame
very_lame\348.jpg,very_lame
very_lame\348.jpg,very_lame
very_lame\349.jpg,very_lame
very_lame\349.jpg,very_lame
very_lame\350.jpg,very_lame
very_lame\350.jpg,very_lame
very_lame\351.jpg,very_lame
very_lame\351.jpg,very_lame
very_lame\352.jpg,very_lame
very_lame\353.jpg,very_lame
very_lame\354.jpg,very_lame
very_lame\355.jpg,very_lame
very_lame\356.jpg,very_lame
very_lame\357.jpg,very_lame
very_lame\358.jpg,very_lame
very_lame\359.jpg,very_lame
very_lame\360.jpg,very_lame
very_lame\361.jpg,very_lame
very_lame\362.jpg,very_lame
very_lame\363.jpg,very_lame
very_lame\364.jpg,very_lame
very_lame\365.jpg,very_lame
very_lame\366.jpg,very_lame
very_lame\367.jpg,very_lame
very_lame\368.jpg,very_lame
very_lame\369.jpg,very_lame
very_lame\370.jpg,very_lame
very_lame\371.jpg,very_lame
very_lame\372.jpg,very_lame
very_lame\373.jpg,very_lame
very_lame\374.jpg,very_lame
very_lame\375.jpg,very_lame
very_lame\376.jpg,very_lame
very_lame\377.jpg,very_lame
very_lame\378.jpg,very_lame
very_lame\379.jpg,very_lame
very_lame\380.jpg,very_lame
very_lame\381.jpg,very_lame
very_lame\382.jpg,very_lame
very_lame\383.jpg,very_lame
very_lame\384.jpg,very_lame
very_lame\385.jpg,very_lame
very_lame\386.jpg,very_lame
very_lame\387.jpg,very_lame
very_lame\388.jpg,very_lame
very_lame\389.jpg,very_lame
very_lame\390.jpg,very_lame
very_lame\391.jpg,very_lame
very_lame\392.jpg,very_lame
very_lame\393.jpg,very_lame
very_lame\394.jpg,very_lame
very_lame\395.jpg,very_lame
very_lame\396.jpg,very_lame
very_lame\397.jpg,very_lame
very_lame\398.jpg,very_lame
very_lame\399.jpg,very_lame
very_lame\400.jpg,very_lame
very_lame\401.jpg,very_lame
very_lame\402.jpg,very_lame
very_lame\403.jpg,very_lame
very_lame\404.jpg,very_lame
very_lame\405.jpg,very_lame
very_lame\406.jpg,very_lame
very_lame\407.jpg,very_lame
very_lame\408.jpg,very_lame
very_lame\409.jpg,very_lame
very_lame\410.jpg,very_lame
very_lame\411.jpg,very_lame
very_lame\412.jpg,very_lame
very_lame\413.jpg,very_lame
very_lame\414.jpg,very_lame
very_lame\415.jpg,very_lame
very_lame\416.jpg,very_lame
very_lame\417.jpg,very_lame
very_lame\418.jpg,very_lame
very_lame\419.jpg,very_lame
very_lame\420.jpg,very_lame
very_lame\421.jpg,very_lame
very_lame\422.jpg,very_lame
very_lame\423.jpg,very_lame
very_lame\424.jpg,very_lame
very_lame\425.jpg,very_lame
very_lame\426.jpg,very_lame
very_lame\427.jpg,very_lame
very_lame\428.jpg,very_lame
very_lame\429.jpg,very_lame
very_lame\430.jpg,very_lame
very_lame\431.jpg,very_lame
very_lame\432.jpg,very_lame
very_lame\433.jpg,very_lame
very_lame\434.jpg,very_lame
very_lame\435.jpg,very_lame
very_lame\436.jpg,very_lame
very_lame\437.jpg,very_lame
very_lame\438.jpg,very_lame
very_lame\439.jpg,very_lame
very_lame\440.jpg,very_lame
very_lame\441.jpg,very_lame
very_lame\442.jpg,very_lame
very_lame\443.jpg,very_lame
very_lame\444.jpg,very_lame
very_lame\445.jpg,very_lame
very_lame\446.jpg,very_lame
very_lame\447.jpg,very_lame
very_lame\448.jpg,very_lame
very_lame\449.jpg,very_lame
very_lame\450.jpg,very_lame
very_lame\451.jpg,very_lame
very_lame\452.jpg,very_lame
very_lame\453.jpg,very_lame
very_lame\454.jpg,very_lame
very_lame\455.jpg,very_lame
very_lame\456.jpg,very_lame
very_lame\457.jpg,very_lame
very_lame\458.jpg,very_lame
very_lame\459.jpg,very_lame
very_lame\460.jpg,very_lame
very_lame\461.jpg,very_lame
very_lame\462.jpg,very_lame
very_lame\463.jpg,very_lame
very_lame\464.jpg,very_lame
very_lame\465.jpg,very_lame
very_lame\466.jpg,very_lame
very_lame\467.jpg,very_lame
very_lame\468.jpg,very_lame
very_lame\469.jpg,very_lame
very_lame\470.jpg,very_lame
very_lame\471.jpg,very_lame
very_lame\472.jpg,very_lame
very_lame\473.jpg,very_lame
very_lame\474.jpg,very_lame
very_lame\475.jpg,very_lame
very_lame\476.jpg,very_lame
very_lame\477.jpg,very_lame
very_lame\478.jpg,very_lame
very_lame\479.jpg,very_lame
very_lame\480.jpg,very_lame
very_lame\481.jpg,very_lame
very_lame\482.jpg,very_lame
very_lame\483.jpg,very_lame
very_lame\484.jpg,very_lame
very_lame\485.jpg,very_lame
very_lame\486.jpg,very_lame
very_lame\487.jpg,very_lame
very_lame\488.jpg,very_lame
very_lame\489.jpg,very_lame
very_lame\490.jpg,very_lame
very_lame\491.jpg,very_lame
very_lame\492.jpg,very_lame
very_lame\493.jpg,very_lame
very_lame\494.jpg,very_lame
very_lame\495.jpg,very_lame
very_lame\496.jpg,very_lame
very_lame\497.jpg,very_lame
very_lame\498.jpg,very_lame
very_lame\499.jpg,very_lame
very_lame\500.jpg,very_lame
very_lame\501.jpg,very_lame
very_lame\502.jpg,very_lame
very_lame\503.jpg,very_lame
very_lame\504.jpg,very_lame
very_lame\505.jpg,very_lame
very_lame\506.jpg,very_lame
very_lame\507.jpg,very_lame
very_lame\508.jpg,very_lame
very_lame\509.jpg,very_lame
very_lame\510.jpg,very_lame
very_lame\511.jpg,very_lame
very_lame\512.jpg,very_lame
very_lame\513.jpg,very_lame
very_lame\514.jpg,very_lame
very_lame\515.jpg,very_lame
very_lame\516.jpg,very_lame
very_lame\517.jpg,very_lame
very_lame\518.jpg,very_lame
very_lame\519.jpg,very_lame
very_lame\520.jpg,very_lame
very_lame\521.jpg,very_lame
very_lame\522.jpg,very_lame
very_lame\523.jpg,very_lame
very_lame\524.jpg,very_lame
very_lame\525.jpg,very_lame
very_lame\526.jpg,very_lame
very_lame\526.jpg,very_lame
very_lame\527.jpg,very_lame
very_lame\527.jpg,very_lame
very_lame\528.jpg,very_lame
very_lame\528.jpg,very_lame
very_lame\529.jpg,very_lame
very_lame\529.jpg,very_lame
very_lame\530.jpg,very_lame
very_lame\530.jpg,very_lame
very_lame\531.jpg,very_lame
very_lame\531.jpg,very_lame
very_lame\532.jpg,very_lame
very_lame\532.jpg,very_lame
very_lame\533.jpg,very_lame
very_lame\533.jpg,very_lame
very_lame\534.jpg,very_lame
very_lame\534.jpg,very_lame
very_lame\535.jpg,very_lame
very_lame\535.jpg,very_lame
very_lame\536.jpg,very_lame
very_lame\536.jpg,very_lame
very_lame\537.jpg,very_lame
very_lame\537.jpg,very_lame
very_lame\538.jpg,very_lame
very_lame\538.jpg,very_lame
very_lame\539.jpg,very_lame
very_lame\539.jpg,very_lame
very_lame\540.jpg,very_lame
very_lame\540.jpg,very_lame
very_lame\541.jpg,very_lame
very_lame\541.jpg,very_lame
very_lame\542.jpg,very_lame
very_lame\542.jpg,very_lame
very_lame\543.jpg,very_lame
very_lame\543.jpg,very_lame
very_lame\544.jpg,very_lame
very_lame\544.jpg,very_lame
very_lame\545.jpg,very_lame
very_lame\545.jpg,very_lame
very_lame\546.jpg,very_lame
very_lame\546.jpg,very_lame
very_lame\547.jpg,very_lame
very_lame\547.jpg,very_lame
very_lame\548.jpg,very_lame
very_lame\549.jpg,very_lame
very_lame\550.jpg,very_lame
very_lame\551.jpg,very_lame
very_lame\552.jpg,very_lame
very_lame\553.jpg,very_lame
very_lame\554.jpg,very_lame
very_lame\555.jpg,very_lame
very_lame\643.jpg,very_lame
very_lame\644.jpg,very_lame
very_lame\645.jpg,very_lame
very_lame\646.jpg,very_lame
very_lame\647.jpg,very_lame
very_lame\648.jpg,very_lame
very_lame\649.jpg,very_lame
very_lame\650.jpg,very_lame
very_lame\651.jpg,very_lame
very_lame\652.jpg,very_lame
very_lame\653.jpg,very_lame
very_lame\654.jpg,very_lame
very_lame\655.jpg,very_lame
very_lame\656.jpg,very_lame
very_lame\657.jpg,very_lame
very_lame\658.jpg,very_lame
very_lame\659.jpg,very_lame
very_lame\660.jpg,very_lame
very_lame\661.jpg,very_lame
very_lame\662.jpg,very_lame
very_lame\663.jpg,very_lame
very_lame\664.jpg,very_lame
very_lame\665.jpg,very_lame
very_lame\666.jpg,very_lame
very_lame\667.jpg,very_lame
very_lame\668.jpg,very_lame
very_lame\669.jpg,very_lame
very_lame\670.jpg,very_lame
very_lame\671.jpg,very_lame
very_lame\672.jpg,very_lame
very_lame\673.jpg,very_lame
very_lame\674.jpg,very_lame
very_lame\675.jpg,very_lame
very_lame\676.jpg,very_lame
very_lame\677.jpg,very_lame
very_lame\678.jpg,very_lame
very_lame\679.jpg,very_lame
very_lame\680.jpg,very_lame
very_lame\681.jpg,very_lame
very_lame\682.jpg,very_lame
very_lame\683.jpg,very_lame
very_lame\684.jpg,very_lame
very_lame\685.jpg,very_lame
very_lame\686.jpg,very_lame
very_lame\687.jpg,very_lame
very_lame\688.jpg,very_lame
very_lame\689.jpg,very_lame
very_lame\690.jpg,very_lame
very_lame\691.jpg,very_lame
very_lame\692.jpg,very_lame
very_lame\693.jpg,very_lame
very_lame\694.jpg,very_lame
very_lame\695.jpg,very_lame
very_lame\696.jpg,very_lame
very_lame\697.jpg,very_lame
very_lame\698.jpg,very_lame
very_lame\699.jpg,very_lame
very_lame\700.jpg,very_lame
very_lame\701.jpg,very_lame
very_lame\702.jpg,very_lame
very_lame\703.jpg,very_lame
very_lame\704.jpg,very_lame
very_lame\705.jpg,very_lame
very_lame\706.jpg,very_lame
very_lame\707.jpg,very_lame
very_lame\708.jpg,very_lame
very_lame\709.jpg,very_lame
very_lame\709.jpg,very_lame
very_lame\710.jpg,very_lame
very_lame\710.jpg,very_lame
very_lame\711.jpg,very_lame
very_lame\711.jpg,very_lame
very_lame\712.jpg,very_lame
very_lame\712.jpg,very_lame
very_lame\713.jpg,very_lame
very_lame\713.jpg,very_lame
very_lame\714.jpg,very_lame
very_lame\714.jpg,very_lame
very_lame\715.jpg,very_lame
very_lame\715.jpg,very_lame
very_lame\716.jpg,very_lame
very_lame\716.jpg,very_lame
very_lame\717.jpg,very_lame
very_lame\718.jpg,very_lame
very_lame\719.jpg,very_lame
very_lame\720.jpg,very_lame
very_lame\721.jpg,very_lame
very_lame\722.jpg,very_lame
very_lame\723.jpg,very_lame
very_lame\724.jpg,very_lame
very_lame\724.jpg,very_lame
very_lame\725.jpg,very_lame
very_lame\726.jpg,very_lame
very_lame\726.jpg,very_lame
very_lame\727.jpg,very_lame
very_lame\728.jpg,very_lame
very_lame\728.jpg,very_lame
very_lame\729.jpg,very_lame
very_lame\729.jpg,very_lame
very_lame\730.jpg,very_lame
very_lame\730.jpg,very_lame
very_lame\731.jpg,very_lame
very_lame\731.jpg,very_lame
very_lame\732.jpg,very_lame
very_lame\732.jpg,very_lame
very_lame\733.jpg,very_lame
very_lame\733.jpg,very_lame
very_lame\734.jpg,very_lame
very_lame\735.jpg,very_lame
very_lame\736.jpg,very_lame
very_lame\737.jpg,very_lame
very_lame\738.jpg,very_lame
very_lame\739.jpg,very_lame
very_lame\740.jpg,very_lame
very_lame\741.jpg,very_lame
very_lame\742.jpg,very_lame
very_lame\743.jpg,very_lame
very_lame\744.jpg,very_lame
very_lame\745.jpg,very_lame
very_lame\746.jpg,very_lame
very_lame\747.jpg,very_lame
very_lame\748.jpg,very_lame
very_lame\749.jpg,very_lame
very_lame\750.jpg,very_lame
very_lame\751.jpg,very_lame
very_lame\752.jpg,very_lame
very_lame\753.jpg,very_lame
very_lame\754.jpg,very_lame
very_lame\755.jpg,very_lame
very_lame\756.jpg,very_lame
very_lame\757.jpg,very_lame
very_lame\758.jpg,very_lame
very_lame\759.jpg,very_lame
very_lame\760.jpg,very_lame
very_lame\761.jpg,very_lame
very_lame\762.jpg,very_lame
very_lame\763.jpg,very_lame
very_lame\764.jpg,very_lame
very_lame\765.jpg,very_lame
very_lame\766.jpg,very_lame
very_lame\767.jpg,very_lame
very_lame\768.jpg,very_lame
very_lame\769.jpg,very_lame
very_lame\770.jpg,very_lame
very_lame\771.jpg,very_lame
very_lame\772.jpg,very_lame
very_lame\773.jpg,very_lame
very_lame\774.jpg,very_lame
very_lame\775.jpg,very_lame
very_lame\776.jpg,very_lame
very_lame\777.jpg,very_lame
very_lame\778.jpg,very_lame
very_lame\779.jpg,very_lame
very_lame\780.jpg,very_lame
very_lame\781.jpg,very_lame
very_lame\782.jpg,very_lame
very_lame\783.jpg,very_lame
very_lame\784.jpg,very_lame
very_lame\785.jpg,very_lame
very_lame\786.jpg,very_lame
very_lame\787.jpg,very_lame
very_lame\788.jpg,very_lame
very_lame\789.jpg,very_lame
very_lame\790.jpg,very_lame
very_lame\791.jpg,very_lame
very_lame\792.jpg,very_lame
very_lame\793.jpg,very_lame
very_lame\794.jpg,very_lame
very_lame\795.jpg,very_lame
very_lame\796.jpg,very_lame
very_lame\797.jpg,very_lame
very_lame\798.jpg,very_lame
very_lame\799.jpg,very_lame
very_lame\800.jpg,very_lame
very_lame\801.jpg,very_lame
very_lame\802.jpg,very_lame
very_lame\803.jpg,very_lame
very_lame\804.jpg,very_lame
very_lame\805.jpg,very_lame
very_lame\806.jpg,very_lame
very_lame\807.jpg,very_lame
very_lame\808.jpg,very_lame
very_lame\809.jpg,very_lame
very_lame\812.jpg,very_lame
very_lame\813.jpg,very_lame
very_lame\814.jpg,very_lame
very_lame\815.jpg,very_lame
very_lame\816.jpg,very_lame
very_lame\817.jpg,very_lame
very_lame\818.jpg,very_lame
very_lame\819.jpg,very_lame
very_lame\820.jpg,very_lame
very_lame\821.jpg,very_lame
very_lame\822.jpg,very_lame
very_lame\823.jpg,very_lame
very_lame\824.jpg,very_lame
very_lame\825.jpg,very_lame
very_lame\826.jpg,very_lame
very_lame\827.jpg,very_lame
very_lame\828.jpg,very_lame
very_lame\829.jpg,very_lame
very_lame\830.jpg,very_lame
very_lame\831.jpg,very_lame
very_lame\832.jpg,very_lame
very_lame\833.jpg,very_lame
very_lame\834.jpg,very_lame
very_lame\835.jpg,very_lame
very_lame\836.jpg,very_lame
very_lame\837.jpg,very_lame
very_lame\838.jpg,very_lame
very_lame\839.jpg,very_lame
very_lame\840.jpg,very_lame
very_lame\841.jpg,very_lame
very_lame\842.jpg,very_lame
very_lame\843.jpg,very_lame
very_lame\844.jpg,very_lame
very_lame\845.jpg,very_lame
very_lame\846.jpg,very_lame
very_lame\847.jpg,very_lame
very_lame\848.jpg,very_lame
very_lame\849.jpg,very_lame
very_lame\850.jpg,very_lame
very_lame\851.jpg,very_lame
very_lame\852.jpg,very_lame
very_lame\853.jpg,very_lame
very_lame\854.jpg,very_lame
very_lame\855.jpg,very_lame
very_lame\856.jpg,very_lame
very_lame\857.jpg,very_lame
very_lame\858.jpg,very_lame
very_lame\859.jpg,very_lame
very_lame\860.jpg,very_lame
very_lame\861.jpg,very_lame
very_lame\862.jpg,very_lame
very_lame\863.jpg,very_lame
very_lame\864.jpg,very_lame
very_lame\865.jpg,very_lame
very_lame\866.jpg,very_lame
very_lame\867.jpg,very_lame
very_lame\868.jpg,very_lame
very_lame\869.jpg,very_lame
very_lame\870.jpg,very_lame
very_lame\871.jpg,very_lame
very_lame\872.jpg,very_lame
very_lame\873.jpg,very_lame
very_lame\874.jpg,very_lame
very_lame\875.jpg,very_lame
very_lame\876.jpg,very_lame
very_lame\877.jpg,very_lame
very_lame\878.jpg,very_lame
very_lame\879.jpg,very_lame
very_lame\880.jpg,very_lame
very_lame\881.jpg,very_lame
very_lame\882.jpg,very_lame
very_lame\883.jpg,very_lame
very_lame\884.jpg,very_lame
very_lame\885.jpg,very_lame
very_lame\886.jpg,very_lame
very_lame\887.jpg,very_lame
very_lame\888.jpg,very_lame
very_lame\889.jpg,very_lame
very_lame\890.jpg,very_lame
very_lame\891.jpg,very_lame
very_lame\892.jpg,very_lame
very_lame\893.jpg,very_lame
very_lame\894.jpg,very_lame
very_lame\895.jpg,very_lame
very_lame\896.jpg,very_lame
very_lame\897.jpg,very_lame
very_lame\898.jpg,very_lame
very_lame\899.jpg,very_lame
very_lame\900.jpg,very_lame
very_lame\901.jpg,very_lame
very_lame\902.jpg,very_lame
very_lame\903.jpg,very_lame
very_lame\904.jpg,very_lame
very_lame\905.jpg,very_lame
very_lame\906.jpg,very_lame
very_lame\907.jpg,very_lame
very_lame\908.jpg,very_lame
very_lame\909.jpg,very_lame
very_lame\910.jpg,very_lame
very_lame\911.jpg,very_lame
very_lame\912.jpg,very_lame
very_lame\913.jpg,very_lame
very_lame\914.jpg,very_lame
very_lame\915.jpg,very_lame
very_lame\916.jpg,very_lame
